LOC111099206	LOC111099206	148	224	265	780.001	135	321	255	114	42	326.001	138	153	559	115	350	143	344	361	146	249	1484.001	1225	340.999	456	89	331	1706.999	457	471	381	929	89	828.999	304	194	755	250	791	92	131	82	135.001	556	458	477	290	252	251	192	212	286	910	1228	257	232	970.999	92	237	2271	1429.999	247	52	31	28	72	76	50	61	56	50	50	16	57	39	91	39	92	22	89	74	64	95	130	93	98.999	78	153	58	56	57	69	45	98	119	72	49	69	44	63	33	33	85	102	62	98	61	146	231	214	217	175	18	61	27	94	62	91	42	14	44	42	103	79	87.999	92	81	131	38	71	144	210	15	47	228.999	199	178	28	140	34	54	41	50	67	102	166.001	32	83	288.999	157	84	40	10	89	47	48	69	50	21	71	32	58.001	67	51	125	48	49	38	26	46.001	158	59	58	137	382	22	54	44	53	81	56	43	121	46	64.999	125.999	36	92	33	65	29	26	29	38	45	16	32	56	56	170	29	160.001	50	27	54	34	22	101	39	65	50	164	149	116	114	48	66	183
LOC111100294	LOC111100294	35.136	35.136	91.912	175.681	6.963	21.749	54.81	6.658	4.949	115.999	36.375	35.837	124.722	14.336	127.146	17.69	78.81	188.105	20.115	67.619	632.826	187.433	115.582	194.315	10.166	1.109	469.023	210.423	78.782	54.275	227.623	35.692	266.697	165.711	44.587	160.405	45.633	101.655	12.703	30.997	11.59	36.506	152.529	113.125	266.452	91.409	6.569	68.478	28.342	53.845	31.902	95.976	717.051	35.11	102.107	218.509	8.874	55.152	912.155	464.597	26.264	44.352	64.454	25.757	93.798	42.732	29.035	35.802	42.238	35.023	28.854	17.548	18.57	31.854	47.38	19.169	37.613	39.42	27.08	32.235	43.174	65.512	12.471	58.261	37.54	65.693	16.603	13.062	29.82	53.95	46.82	14.278	49.593	50.453	44.535	48.845	62.389	17.819	18.655	21.064	20.958	0	0	0	0	0	561.606	643.881	648.731	818.88	722.025	1.047	40.709	1.091	67.504	26.494	24.26	9.752	2	26.149	37.764	44.169	34.803	33.08	24.078	22.432	35.111	1.401	22.414	99.627	276.165	1	10.904	205.795	54.263	57.388	2.316	70.775	2.392	7	1	0	1.1	45.202	89.482	35.093	4.807	217.751	70.39	23.69	16.441	1.451	43.538	1.168	24.905	77.944	15.089	0	145.69	53.017	58.943	27.378	16.866	301.413	7.202	41.705	6.709	20.263	9.905	635.835	3.282	64.877	181.558	726.545	17.107	67.336	3.823	6.698	58.512	0	158.805	101.401	8.035	24.889	81.227	3.034	78.405	9.912	420.47	15.347	16.457	32.566	9.458	11.941	23.964	14.79	53.591	23.028	290.266	11.764	224.339	19.536	3	12.698	7.404	0	49.663	2.353	23.881	2.603	312.93	41.616	100.325	7.909	2.659	5.434	103.904
LOC111101175	LOC111101175	51	29	34	68	9	245.999	83	105	23	118	188.001	14	62	62	92	132.001	218	16	31	93	525	222	44	933	61	29	677	108	52	332	346	67	89	72	88.001	84	188	56	48	277	2	53	393.999	100	410	36	76	56	83.001	22	70	127	1069	78	2	527	73	59	858	509	83	6	3	7	3	5	1	2	33	5	10	1	6	12	16	3	14	9	9	9	6	10	33	0	5	10	11	9	9	11	32	12	3	55	16	2	3	0	9	5	7	0	0	0	0	0	3	24	9	18	90	30	28	63.999	4	227	14	31.999	105	24	127	489	39	24	71	70	116	114	51	52	86	11	92	273	583	122	6	13	71	69	14	69	39	83	47	13	225.001	55	51	19	40	169.001	48.999	33	183	59	19	69	111	5	27	149	4	171	29	37	11	19	5	64	54	31	14	249	44	22	11	11	97	9	13	44	22	14	124	20.999	23	69	8	27	29	14	76.001	6	34	9	6	7	12	20	53	23	9	115.999	39	8	15	41	38	73	154	26	9	3	18	13	15
LOC111101808	LOC111101808	191	216	366	1008	242	421	577	233	99	416	253	357	550	231	361	250	350	315	212	502	1305	1040	416	589	182	654	1873	637	493	690	1273	168	899	262	315	795	314	855	239	267	144	210	707	507	581	369	448	387	248	363	339	722	1506	411	223	889	149	264	2450	1812	331	280	172	166	424	409	213	346	293	288	168	112	267	258	463	151	389	164	472	403	370	450	531	639	417	343	767	307	285	240	399	210	291	548	226	315	287	204	305	164	178	167	182	135	330	204	440	666	621	650	590	69	170	58	246	166	199	96	62	125	145	253	227	279	151	149	235	138	190	270	340	60	171	438	674	381	83	227	82	105	108	122	149	189	309	126	165	428	268	183	97	34	220	121	140	194	213	72	142	105	164	201	102	198	178	83	134	92	120	336	128	115	296	793	73	162	121	126	181	97	105	232	128	86	388	95	209	102	157	84	53	83	118	100	58	105	110	107	334	123	268	112	57	96	97	76	195	165	79	119	609	244	201	193	120	157	255
LOC111103779	LOC111103779	15	20	26	167	9	39	17	2	0	24	11	10	94	6	37	15	82	85	6	18	121	192	45	85	3	12	187	41	31	25	145	7	82	42	9	65	24	76	5	5	1	7	76	33	69	44	20	23	1	24	15	113	234	5	29	161	1	39	362	194	24	5	14	5	3	1	4	13	6	9	5	6	11	1	19	5	17	1	13	28	9	15	4	3	14	18	20	4	11	11	32	14	11	14	26	10	12	8	17	7	4	1	0	0	0	2	59	106	84.221	67	82	2	5	2	18	6	26	0	2	15	9	24	12	4	3	0	5	8	5	56	50	3	2	61	19	18	9	19	2	7	4	3	12	12	27	13	2	31	14	10	11	2	11	3	6	5	7	1	15	6	12	17	6	27	7	17	3	0	10	55	10	5	26	87	4	9	15	24	41	17	11	28	5	3	24	3	19	9	18	1	1	4	6	4	1	0	8	14	22	8	36	8	1	5	6	2	16	10	12	1	23	18	33	22	2	2	46
LOC111106484	LOC111106484	34	160	377	1058	4	111	100	47	24	187	70	54	887	81	180	68	475	471	16	45	911	849	206	1793	18	15	2663	341	376	157	1896	24	669	162	66	465	213	669	64	99	25	66	455	803	532	203	59	22	42	38	121	768	3148	42	158	1310	13	151	3832	1391	95	59	12	27	85	68	21	47	55	29	27	22	45	48	60	38	112	34	64	54	37	45	85	22	67	56	92	24	52	29	55	23	63	61	38	42	39	47	35	25	45	3	0	0	2	2	190	276	299	288	212	2	46	9	134	104	67	18	3	28	98	180	123	67	51	24	45	1	33	201	362	2	11	303	162	199	3	169	8	13	1	2	8	57	44	76	2	480	147	66	24	0	85	4	58	26	25	4	75	8	20	150	1	106	9	16	5	10	21	214	11	28	56	177	6	25	2	7	38	0	49	83	2	22	46	2	44	3	145	4	5	6	11	1	14	2	33	23	59	12	142	11	0	12	4	3	34	2	16	0	161	36	69	24	4	2	71
LOC111108589	LOC111108589	115.958	165.577	165.919	600.452	247.812	405.848	387.146	184.312	68.89	288.688	139.947	181.952	381.446	169.962	220.024	154	320.603	274.966	125.915	244.792	966.821	891.357	338.128	453.687	64	689	1280.515	343.776	439.874	413.529	749.746	143.011	648.758	337	227.992	707.903	205.87	669.737	110.785	181.771	74	203.878	578.956	424.789	468.746	178.863	291.717	268.827	148.904	176.659	262.742	659.48	862.601	321.949	120.907	572.998	109	188.971	1669.163	935.722	296.921	160	88	50.962	214	188.993	130	12.334	21.147	172	85.996	4.368	144	67	108.806	35.935	93.912	8.087	255.997	137	76.903	227.953	344	182	122.899	115.952	161	17.302	27.677	133	158	150	106	305	30	129	62.99	148	222.997	85	126	35.327	92.688	44.427	199	81	112.213	245.767	196.753	199.164	261.695	42.924	35	35	104.945	103.825	99.982	85.998	28.807	84.915	99	166.987	138	117.738	65.404	85.956	155.761	52.988	106.93	93	178.953	14.949	63.797	166.495	237.948	153.756	60.84	104.913	37	83.963	44.652	65.73	77.602	68.28	89.581	53.454	72.345	228.292	94.988	87	74	37	127	53	92.845	66.932	121.993	18	39	51.628	75.616	131.661	78.658	145.799	107.989	41.913	69.904	41	41.773	222.953	80.988	73.704	218.424	741.305	31.836	89.795	98	74.872	105.776	67.965	82.843	139.616	38.463	23	314.425	88.802	52.017	62.755	107.578	67.582	62.685	49.796	84.905	67.451	37	56	70.787	59	275.915	46.882	122.96	49.76	51.977	85.999	85.999	41.864	163.771	127.907	77.862	95.763	276.667	207.49	191.972	177.437	52.956	145.979	267.892
LOC111110008	LOC111110008	102	113	159	499	141	246	280	111	84	250	145	242	347	79	175	109	218	289	70	209	617	570	211	377	78	586	1235	330	202	248	781	61	380	205	154	421	172	434	130	95	49	103	575	182	310	216	157	178	154	145	170	425	785	196	177	456	99	95	1694	1159	149	146	96	86	158	201	131	126	142	129	110	73	136	126	297	88	193	82	198	190	125	197	218	216	229	215	359	149	132	114	192	131	182	240	143	132	138	115	155	90	114	240	206	232	362	182	370	583	564	409	404	32	68	32	155	92	104	40	15	52	83	123	99	140	77	83	120	65	101	163	256	14	72	232	322	184	50	113	34	76	48	52	57	85	71	51	71	245	133	92	52	23	76	63	66	80	113	17	56	39	64	78	47	139	69	36	49	24	56	198	47	44	177	560	21	75	66	69	95	52	53	125	51	61	175	54	87	52	88	55	22	34	48	58	21	58	35	41	186	46	124	54	34	46	59	33	135	88	61	66	262	185	144	125	53	103	146
LOC111110093	LOC111110093	61.001	54	111	317	46	112	69	57	19	117	27	63	140	13	115	32.999	94	183	6	78.999	1138.001	670	143	417	32	12	925	520.999	203	80	606.001	81	292	71.001	79	303.999	78	248	27	155.001	18	42.001	234.001	233	126	183.999	25	47	28	53	84	501	492	51	91	360.001	11	67	1579	937	158.001	103	39	67	104	68	61	43	109	63.999	41	27	64	86	81	39	124	54	91	120	111	74	142	125	112	82	148	51	110	45	91	41	92	123	51	68	79	87	104	58	48	1	0	1	0	0	434.859	503.844	618.845	581.798	549.787	11	218	22	435	168	165	41	5	145	208	264	185	204	65	31	65	14	46	159.001	511	8	17	358	466	138.001	14	169.999	17	32	3	5	14	93	103	138	19	320	360	129	94	23	242	26	140	162	167	32	229	65	191	164	11	206	72.001	42	51.999	43	110	337	38.999	24	178	442	21	19	22	32	65	18	214	732.999	80	197.001	267	10	396	54	276	34.999	69.999	51	31	25	19	21	118	64	163.001	34	265.001	23	17	39	19	12	102.999	9	56	5	345.999	109	136	37	14	13	159
LOC111110683	LOC111110683	21.021	55.466	38.39	90.772	28.627	45.211	50.829	31.309	4.802	32.359	20.232	29.225	80.94	14.58	28.37	34.118	48.268	58.61	19.726	90.923	218.149	124.136	52.248	57.32	13.894	97.139	279.847	62.105	86.572	44.672	140.643	16.27	88.355	53.905	39.945	128.96	45.868	105.031	8.223	19.358	15.385	17.654	86.733	69.074	72.328	41.686	53.509	52.6	32.897	41.282	48.548	92.083	178.356	55.062	35.579	127.862	25.155	37.114	263.101	177.371	90.79	27.185	12.658	14.379	30.117	46.652	26.338	26.328	25.812	29.703	22.514	15.383	22.082	14.555	46.489	33.485	37.506	20.033	44.568	39.377	36.047	41.457	63.341	57.542	53.214	61.708	73.747	32.296	39.611	41.152	34.352	23.704	44.228	60.542	41.705	22.988	47.432	30.495	39.172	23.354	17.937	13.854	23.786	10.734	66.916	27.374	30.289	67.692	75.612	54.205	56.189	14.775	57	16	69.911	41.889	53.537	33	19	38.992	47.982	87	97.938	105.451	22.633	33.553	80.306	26.733	55.779	51.259	75.516	3.66	22.125	57.074	387.516	68.244	19.394	43.801	7.617	22.758	17.613	14.871	37.84	17.841	40.332	33.411	30.047	105.85	53.187	45.073	42.713	21	49	44.888	37.695	77.774	67.47	21.504	45.414	15.41	30.724	55.393	7.028	28.312	29.893	15.666	21.645	20.847	8.894	57.577	14.711	11.188	77.58	199.266	9.346	14.501	27.785	18.736	34.979	27.839	19.65	77.89	43.683	38.195	159.486	33	72.432	14	29.695	33.453	21.873	22	19.921	28.812	15.758	7.985	20.406	13.311	64.723	31	39.63	18.262	12.852	15.772	12.021	5.711	40.7	16.541	20.461	28.678	294.121	67.414	24.661	38.795	22.39	25.532	40.416
LOC111110920	LOC111110920	299	305	577	1929	334	848	936	304	132	738	406	610	1131	247	390	333	604	514	190	682	2191	1927	875	1240	172	1765	3961	1459	1003	876	2902	284	1477	473	520	1682	597	1544	282	317	151	316	1949	650	822	587	515	540	431	479	589	1691	2585	605	289	1665	195	336	6399	3809	557	253	118	190	356	416	227	288	277	274	200	119	236	244	328	146	363	148	422	398	319	402	510	381	421	360	801	272	288	185	341	179	269	578	244	265	258	230	257	163	180	507	554	530	728	647	1028	1420	1515	1512	1467	97	247	110	501	279	341	163	91	227	283	484	498	543	196	241	397	175	313	506	913	74	176	785	1399	573	109	347	112	173	164	164	185	310	321	125	284	895	555	351	191	63	371	194	234	327	348	85	252	123	331	300	187	450	310	167	246	93	195	896	165	176	733	2296	82	281	205	261	326	158	184	481	229	182	848	194	380	162	388	167	116	124	170	218	102	169	161	206	592	152	465	190	133	212	183	191	546	356	184	209	1255	607	512	417	237	392	765
LOC111111254	LOC111111254	1997	38	253	344	205	385	400	89	27	101	93	318	4	33	45	1522	40	6	169	4536	240	238	123	6	150	58	23	209	61	1134	88	146	30	138	169	59	66	61	1480	19	204	110	95	399	745	312	1554	2541	633	1525	423	10	216	1001	50	148	89	132	3	947	278	0	3	1	1	1	1	0	1	3	4	1	2	0	1	0	1	0	0	1	0	0	1	0	0	1	0	1	2	1	4	0	1	1	0	0	3	2	0	0	0	0	0	0	0	0	0	0	0	3	0	407	33	22	319	29	33	61	190	170	24	38	186	135	114	39	417	328	98	11	95	227	184	115	47	247	652	215	185	162	107	87	332	44	14	581	280	9	564	239	161	427	329	379	58	31	30	146	46	29	145	22	424	58	122	169	189	240	605	38	199	164	54	17	158	942	95	48	664	41	18	117	64	95	27	72	224	43	158	195	16	123	67	116	39	444	140	401	40	175	99	114	86	70	87	122	252	12	66	271	8	54	31	39	29	50	27
LOC111111816	LOC111111816	33	38	56.237	43.593	20	15	11	14.795	52.846	46	31	7.695	84.303	81	18	65.894	35	23	55	46	123.544	132.188	35.551	375.711	37	7	109.977	52.571	46	85.572	137.873	29	74.112	104	0	39.532	16.815	35.602	49	41.188	48	62	39.989	79.282	85.993	17	23.47	68	38	25.366	41	101.635	387.743	49	27	69.878	20	63.343	202.778	47	44.143	152.793	58.731	119.732	0	144.623	131.187	5.339	0	19	44.568	38.042	16.665	4.804	9	33.934	0	1	1.346	29.555	97.613	59	6	1.518	6.828	2	143.34	30.972	24.48	26.687	62	2.21	37.192	55	0	78.087	26.593	3	8	46.635	83.511	10.359	13.041	19.691	0	1.04	226.419	256.632	398.339	278.293	241.89	2	7	8	286.649	106.486	16.015	8	2	11	102.062	60.636	123.548	122.038	59.057	39.062	88.237	20.257	43.717	143.554	19.26	3.899	28.761	227.116	312.697	43.686	15	173.478	3	12	17	2	6	11.373	12.439	27.963	18.113	672.739	133.669	66.728	11	1	5.606	4	37.896	47.283	81.115	4	92.401	7.462	2	73.563	11	75.625	53.694	11	14	16.568	12.381	116.955	15	29.869	179.332	162.237	24	59.475	16	12	11	8.531	34.926	28.814	2	18.848	14.357	2	4.326	3	33.964	13	3	23	1	2	13	6	88.626	42.16	211.368	9.05	61.992	27	2	17	12	0	6.204	14	6	6.043	47.618	23.021	8	12	3	6	41.747
LOC111112418	LOC111112418	15	29	23	74	5	25	24	26	8	18	24	20	46	10	18	10	31	20	11	11	76	57	40	41	8	46	90	27	24	59	46	18	30	44	14	23	19	57	11	9	8	9	22	39	32	31	23	13	20	15	28	58	97	19	25	53	16	22	174	119	17	20	12	9	16	29	29	9	7	17	10	9	16	7	15	18	18	7	20	12	6	21	14	16	21	19	42	15	18	22	14	8	25	17	18	24	20	15	16	6	6	8	6	12	13	13	25	55	58	48	45	4	22	10	25	22	13	11	4	11	14	45	16	42	12	11	24	13	26	13	19	3	8	34	107	19	6	16	1	7	9	4	15	23	16	5	14	35	15	8	12	3	13	11	15	31	20	5	32	5	12	37	9	19	11	5	10	7	9	14	4	9	40	82	4	15	6	11	16	9	7	47	18	22	66	13	37	9	21	11	6	10	2	5	6	3	18	2	51	5	17	4	2	8	9	1	12	16	7	11	70	12	24	18	6	9	27
LOC111114815	LOC111114815	108.284	88.493	243.513	436.267	132.64	283.95	401.031	241.146	110.247	160.745	112.815	190.666	370.813	257.139	165.206	167.545	294.927	35.201	81.389	205.619	308.065	287.203	133.323	728.518	10.628	424.315	1101.24	138.272	247.736	364.112	1242.211	29.867	210.94	256.723	112.953	237.047	95.126	248.691	89.693	240.206	24.899	121.797	399.478	478.958	434.254	190.072	294.833	162.64	73.685	128.955	119.901	248.937	1405.687	125.028	74.799	325.041	50.814	75.613	1091.81	937.008	93.373	36.256	13	13.518	24.916	24.493	9.8	15.388	11.444	6.052	10.725	2.103	4.298	20.404	31.306	1.026	13.239	13.305	22.869	51.825	18.369	23.404	46.356	66.826	27.313	13.714	86.026	26.546	6.205	17.709	36.78	22.396	22.76	39.095	36.317	19.78	7.276	7.001	26.073	23.38	22.708	56.194	102.477	62.165	90.311	88.5	348.949	463.821	427.316	336.048	423.743	30.268	27.319	9.429	167.932	36.33	81.58	37.155	23.534	24.208	58.234	133.913	43.251	154.58	96.998	68.236	124.194	50.762	91.63	141.091	67.988	24.665	23.214	346.606	165.157	159.448	70.94	203.731	33.497	61.855	62.937	95.417	52.54	49.041	61.589	71.708	85.999	398.718	118.151	82.917	38.092	14.14	39.783	22.594	117.09	99.404	151.168	28.137	78.739	49.277	29.795	177.8	93.328	109.932	74.298	65.301	117.618	41.653	54.036	318.202	67.168	60.155	314.483	505.729	49.168	133.325	90.485	98.726	133.234	91.446	84.961	163.113	14.426	61.022	100.994	30.77	32.134	58.721	99.326	33.635	21.849	76.653	29.658	29.051	32.877	53.755	42.602	47.147	327.672	52.017	174.767	74.836	12.854	87.916	30.614	24.546	48.272	108.89	56.563	82.83	323.88	226.742	156.026	69.914	42.864	121.911	93.11
LOC111115075	LOC111115075	17	45	54	110	5	33	5	7	6	23	26	9	104	10	100	9	60	109	6	50	165	208	55	79	21	56	233	63	115	45	194	10	95	34	16	64	51	63	5	4	2	18	52	50	79	30	14	25	5	17	29	135	178	5	39	137	5	81	255	212	24	20	4	0	14	13	4	8	15	15	3	6	15	8	20	11	24	4	19	18	11	9	31	10	24	23	36	11	11	8	13	4	13	14	23	21	9	4	18	6	10	0	0	1	3	0	21	34	40	20	31	4	33	5	27	12	17	16	4	4	16	25	17	25	5	6	20	5	6	27	25	1	3	50	47	31	3	20	6	3	1	2	0	32	134	15	4	39	22	17	34	3	27	3	9	20	25	4	20	11	23	20	5	12	2	2	1	9	5	33	8	6	23	56	3	10	19	2	9	6	20	38	6	20	30	1	25	13	20	6	7	8	7	10	4	2	9	7	26	4	39	7	3	3	1	1	5	7	8	5	41	18	11	5	3	10	26
LOC111115186	LOC111115186	8	6	5	71	19	35	21	15	3	32	7	6	67	6	17	10	10	40	5	22	401	103	51	56	19	11	144	42	12	37	61	7	100	19	26	61	42	70	3	10	13	8	47	23	52	51	32	65	15	37	23	78	52	53	24	130	5	27	152	87	42	4	3	0	0	11	10	3	18	14	0	10	9	26	25	4	18	1	16	54	53	28.01	19	5	0	15	22	1	14	39	28	12	1	22	16	8	13	14	33	2	15	15.268	12.008	14.702	5.396	12.711	99.882	130.374	94.536	101.61	122.376	12	10	1	34	2	24	12	3	18	14	31	3	2	23	18	64	13	3	30	2	13	0	130	24	33	16	28	4	12	13	5	25	1	45	23	9	112	2	14	11	5	2	13	30	18	38	7	33	14	14	38	5	69	9	11	6	15	4	46	26	23	64	78	9	26	9	8	44	5	42	23	7	8	36	9	8	10	9	5	6	14	8	12	10	6	20	18	41	22	19	1	5	10	7	8	21	8	10	15	15	30	25	18	10	19	28
LOC111116029	LOC111116029	42	66	110	221	27	123	98	15	16	88	57	82	170	21	114	11	103	161	27	74	483	301	107	230	25	36	428	304	122	227	479	35	195	62	56	215	92	164	33	34	38	48	244	134	138	104	50	58	30	42	81	210	488	68	64	390	15	84	847	718	52	11	12	12	28	44	26	16	20	39	13	16	40	19	38	29	28	20	33	33	43	47	38	26	46	35	53	22	45	28	44	42	15	38	23	27	16	19	40	14	10	11	11	11	14	16	129	214	169	152	141	8	35	21	55	33	36	25	8	29	43	78	33	58	30	34	40	10	51	58	67	14	15	105	96	73	13	52	8	14	6	33	15	48	52	24	10	96	76	40	21	9	33	13	21	19	45	5	27	27	49	56	24	55	28	20	23	13	49	88	27	20	90	196	27	35	34	17	46	15	54	81	7	34	72	15	49	15	78	22	18	29	9	7	18	19	24	40	79	12	73	27	15	31	27	5	35	9	23	15	87	39	41	38	13	23	60
LOC111117983	LOC111117983	39	44	119	306	8	109	38	36	22	114	42	49	185	34	94	16	121	154	36	74	710	360	145	161	18	33	651	218	112	154	416	18	339	38	100	346	77	282	17	48	10	30	247	125	112	111	125	53	35	102	135	332	439	35	74	429	5	104	798	792	79	40	19	19	44	64	38	51	37	54	19	32	54	54	65	40	58	13	70	62	49	61	88	69	65	48	105	38	39	48	44	39	55	71	63	40	35	37	29	27	27	15	25	19	14	14	147	242	190	221	236	7	56	7	105	42	65	27	2	21	50	95	57	62	35	19	31	8	35	84	158	37	7	190	163	124	14	85	7	13	6	6	32	138	613	30	11	225	89	49	27	8	70	11	77	30	52	6	57	17	36	78	2	75	24	24	12	9	35	115	6	17	65	164	9	21	27	16	33	15	46	90	20	29	66	10	75	20	63	19	21	13	8	8	6	4	30	25	72	13	132	21	8	24	8	19	51	30	21	15	138	71	53	40	9	20	83
LOC111118008	LOC111118008	9	17	40	101	1	46	30	8	6	48	15	14	68	6	85	6	79	64	10	20	165	247	52	109	10	705	100	73	63	28	238	11	126	30	35	66	59	107	12	9	4	16	47	76	83	33	12	11	12	12	40	180	246	18	42	143	4	28	390	202	27	40	17	11	33	38	19	27	28	21	18	13	33	23	30	31	46	9	20	24	37	41	31	26	41	23	30	14	23	17	18	23	28	30	15	23	17	17	32	12	13	5	1	1	6	3	56	125	71	146	119	1	13	0	20	14	22	5	0	9	8	23	14	24	23	9	15	7	22	57	51	3	7	34	73	37	6	20	3	7	5	10	9	17	22	2	4	36	35	16	9	0	17	2	11	6	9	0	6	0	11	11	2	16	5	6	4	1	8	20	4	3	28	136	5	12	2	82	11	46	2	23	11	4	43	1	12	1	15	8	2	0	8	5	4	3	6	2	44	4	13	10	1	4	5	5	20	64	4	5	39	29	17	29	1	6	56
LOC111120088	LOC111120088	39	82	97	242	81	104	117	59	28	97	44	58	188	44	102	50	91	104	68	161	432	372	139	197	36	204	796	121	225	150	318	62	312	98	115	206	90	277	32	45	21	32	190	185	185	100	123	89	59	72	112	292	469	120	65	353	63	74	743	611	203	123	66	44	162	174	81	114	106	105	90	43	105	88	166	75	150	59	170	144	164	162	242	119	190	145	293	136	132	92	157	88	150	221	81	123	110	70	136	77	82	76	75	60	210	50	114	219	193	155	198	23	94	18	141	70	83	42	23	51	63	108	109	193	29	44	76	35	58	86	111	12	42	138	447	128	18	78	18	42	29	29	41	52	86	60	66	179	80	48	41	16	112	88	59	116	108	25	93	45	72	79	35	52	34	25	33	29	34	86	28	21	125	249	21	33	86	64	67	70	53	130	106	155	205	41	130	43	46	48	66	31	66	46	27	44	40	30	108	42	74	23	19	25	19	26	68	32	30	53	353	133	118	59	35	53	69
LOC111120551	LOC111120551	75	175	214	592	188	271	249	176	84	204	113.999	110	369	141	228	149	256	197	110	198	707	743	263	391	107	528	1078	232	498.999	475.001	672	150.001	420	227	170	389	232.001	604.999	72	92.999	38	93	469	348.999	335	160.999	280	140	124.001	132	190	456.999	772	231.999	115.999	428.001	62.001	109	1138	741	302	78	49	36	132	134.001	74.999	83	67	76	52	40	61	62	123	66	118	41	111	105	64	84	128.001	75	129.001	93	205	66.001	103.001	61	87.999	78	110.001	101	48.001	89	48	70	80	65	64	56	97	69	244	96	142	239	235	206	213.999	32	100	25	133.001	82	92	53.001	18	56.999	67.001	86	110	131	42	46	105	45.001	69	118.999	163	17	40	175.001	334	133	35	83	28	53	43	47.001	36.001	69	91	44	106	223	126	66	55	24	88	62	56	118	99	22	87	48	109.001	70	40	118.001	55	32	35	32	79	136	33	39	146	378.999	18	34.999	64	72.999	98	55	42	158	78	115	176	59.999	129	65	67	54	34	33.001	61.999	65	32	60	52	62.999	123	38.999	118	49	21	46	41.999	22	95	77	65	71	338	180	140	100	50	56.001	136.999
LOC111121136	LOC111121136	69	98	126	300	53	149	306	127	63	173	67	96	216	211	96	83	139	231	57	149	261	241	74	387	47	231	913	147	115	240	526	110	142	202	93	207	91	274	99	69	56	62	175	334	255	100	139	90	75	77	121	242	709	159	129	301	55	55	667	663	101	136	100	84	197	162	101	119	133	128	102	53	124	140	283	74	200	64	202	203	137	189	232	248	216	208	341	175	145	110	216	125	205	281	120	145	142	95	128	128	113	44.812	74.428	64.688	92.174	63.859	300.992	495.14	444.999	388	296.57	23	52	16	83	65	90	33	13	43	53	122	88	81	50	56	110	56	57	119	165	43	59	221	232	151	26	90	20	64	38	53	62	109	160	59	56	148	96	54	46	12	70	53	67	54	76	9	36	32	51	55	35	82	53	31	50	33	42	137	31	37	87	399	25	46	76	50	79	31	36	78	50	37	182	44	87	29	46	56	16	32	47	39	20	27	24	42	103	34	65	28	15	55	56	40	51	105	53	44	171	119	86	91	48	97	124
LOC111121368	LOC111121368	76	128	189	645	85	169	233	112	57	281	79	168	487	86	121	90	149	163	41	155	638	642	266	421	44	291	1475	375	191	179	772	80	371	219	151	521	118	548	79	107	42	106	414	268	278	124	120	83	91	161	176	325	846	166	134	622	43	136	1577	1278	175	149	57	77	131	192	148	96	129	131	75	60	139	127	239	97	182	77	192	210	143	179	218	227	236	202	343	149	128	133	147	124	176	165	125	142	118	109	139	82	102	37	96	72	182	57	418	605	636	430	513	18	111	17	184	105	131	51	15	75	92	166	171	189	83	81	133	37	87	185	280	29	54	409	579	227	23	148	23	51	45	46	63	105	112	71	102	394	165	113	51	19	117	78	83	126	134	22	78	38	76	87	32	128	72	44	33	21	49	197	16	31	265	794	20	74	50	67	147	48	71	243	76	115	298	43	192	48	109	50	29	33	51	32	21	45	47	75	229	30	205	53	12	54	47	24	156	78	73	59	492	216	186	128	49	102	293
LOC111121627	LOC111121627	66	126	181	641	97	234	305	128	50	195	66	118	223	114	158	156	211	305	73	219	634	711	235	467	96	382	1442	281	382	212	759	101	530	340	153	481	152	462	108	84	120	94	349	271	332	185	242	225	151	187	229	404	1044	136	142	445	119	109	1665	717	189	65	41	42	80	129	94	88	87	95	54	45	91	59	152	42	126	37	99	81	104	125	151	123	131	78	198	89	78	77	111	72	101	142	64	98	84	77	86	45	75	99	152	140	161	143	107	174	207	112	208	22	74	37	169	86	86	57	22	50	77	110	109	182	85	79	125	54	89	124	202	18	65	197	415	97	30	117	25	77	52	45	45	64	99	28	77	223	144	94	51	18	111	79	53	126	110	23	88	33	83	76	48	101	87	47	51	23	49	171	37	36	138	539	20	50	74	67	98	56	61	227	97	55	243	52	114	48	63	54	34	41	42	64	24	52	58	51	166	42	100	52	25	61	60	36	111	64	45	71	361	198	107	125	65	80	119
LOC111122588	LOC111122588	457	800	1201	3908	942	1820	1706	739	324	1603	891	906	2447	717	1115	545	1161	1845	565	1076	3455	3689	1316	2351	338	2325	6894	1663	1947	1679	5138	713	2125	1357	1228	2628	1417	3789	479	792	438	771	2714	1421	1594	936	1099	968	695	590	1131	3738	5424	1115	1028	2836	482	441	7613	5147	1234	948	521	617	1311	1249	857	1029	824	893	691	450	893	840	1590	521	1334	535	1620	1247	1023	1432	1725	1644	1895	1368	2957	1028	1105	872	1239	839	1154	1675	769	873	1060	960	1085	665	690	486	596	529	1017	492	1171	1853	1704	1706	1576	183	488	245	885	540	771	376	144	484	658	944	802	997	306	403	640	256	496	780	1280	102	299	1048	2085	864	171	609	164	322	265	290	287	473	875	408	519	1205	694	427	342	131	686	491	625	544	612	178	394	316	538	503	213	520	423	221	286	140	258	1058	268	227	819	2480	98	295	268	315	512	245	398	712	378	395	1539	338	622	238	596	383	242	251	348	276	149	328	276	213	828	223	472	269	130	237	283	208	582	337	253	299	1925	964	715	528	246	428	674
LOC111122684	LOC111122684	163	237	538	1150	137	556	452	114	43	277.001	186	163	558	147	536	309	683	544	212	657	3153	1676.001	446	975	94	862	2059	621	718	361	1297	96	1155	407	295	673	355	804	144	125	42	143	1316	603	852	366	527	268.999	175	185	450	1132	1946	355	210	1111	78	311	4912	2307	351.001	134	174	76	155	258	148	145	99	142	111	77	133	147	258	60	148	84	187	225	166	196	172	143	229	143	210	107	125	124	187	96	151	192	117	171	239	115	151	97	111	105	91	115	92	152	439	762	596	769	568.001	35	152	76	175	151	89	82	55	55	118	209	112.999	121	83	124	126	44	53	155	246	16	63	376	207	207	48	125	22	42	28	68	39	110	116	115	74	242.001	195	116	80	44	124	78	118	137	132	63	220	31	178	201	48	276	60	68	19	31	92	432	81	100	307	459	46	60	36	79	151	86	153.999	200	34	221	139	72	160	56	264	40	34	40	78	46	39	30	90	91	146	52	338	86	36	72	20	31	71	101	87	59	279	125	202	41	20	21	161
LOC111124536	LOC111124536	363.532	129.315	70.329	687.07	665.999	919.375	111.007	143.349	30.654	504.242	1418.797	395.607	110.376	210.334	616.418	76.122	97.778	276.792	677.499	243.086	592.978	1795.468	871.452	29.824	475.329	281.502	586.573	585.006	1160.736	505.535	367.53	159.047	645.122	423.674	303.665	181.548	160.551	960.375	24.534	65.006	1231.799	262.842	229.096	325.157	222.165	618.202	345.35	949.073	647.988	253.414	234.859	280.274	489.582	781.213	1473.862	1008.599	599.319	569.907	603.317	951.039	998.337	48.425	111.861	66.014	50.423	76.175	32.132	78.14	54.023	79.714	71.199	17.269	95.918	45.06	56.469	43.329	135.821	31.66	123.395	43.932	54.433	67.909	147.17	35.287	47.187	93.116	47.366	40.159	57.744	117.368	55.545	29.365	85.193	61.576	69.797	92.705	76.724	23.269	11.353	31.415	18.058	126	0	0	206	0	470.092	638.961	442.286	727.201	751.854	248.252	107.612	227.969	137.649	163.151	213.729	245.285	114.13	180.476	108.75	160.4	105.135	55.864	251.445	266.357	306.021	334.008	159.801	441.016	351.023	253.442	261.741	200.613	49.566	158.936	494.94	199.81	328.259	170.116	621.196	226.58	262.614	357.193	293.187	85.956	389.876	247.474	339.9	400.515	279.907	277.655	133.939	134.818	151.245	213.384	226.876	737.086	114.741	543.94	119.836	627.526	1284.922	492.183	1097.059	609.463	1198.425	316.968	367.989	300.003	506.579	1344.156	141.347	105.263	904.025	910.439	405.146	180.464	292.904	247.553	1122.33	100.656	165.303	136.97	145.419	131.33	111.73	182.548	96.054	301.127	215.715	291.287	230.238	231.195	297.872	776.454	374.008	305.513	207.808	378.405	640.392	349.05	412.294	288.079	345.483	110.788	165.884	329.098	258.597	524.827	52.036	296.945	226.32	431.633	191.316	204.378	148.928
LOC111125817	LOC111125817	197	381	308.817	1607.136	190	523.272	136	35.228	15	494	200	270.016	1187.718	44.002	732.564	171.305	693.36	850.103	273.002	201.412	3592.775	1688.15	1295.405	758.049	186	1659.729	5029.041	891.276	496.102	407.963	1890.413	182	2124.015	503.54	422.08	1200.49	339.889	1377.07	88	99.303	144.04	182.037	904.359	502.804	1018.061	972.349	373.034	599.748	205.548	453.852	399.731	1003.336	2790.734	666.55	462.406	3171.589	144	418.134	6697.164	2980.525	631	333.352	139.44	152.511	484.194	445.373	233.238	239.654	225.092	146.58	254.13	166.035	203.846	235.358	464.946	102.006	400.898	215.014	356.669	485.581	411.938	625.651	412.186	348.497	448.582	360.826	373.594	208.735	190.512	275.893	373.015	111.423	315.974	569.019	211.964	356.141	254.666	113.158	242.216	168.135	138	434.544	425.307	346.762	442.976	515.207	1948.161	1976.637	2636.658	2111.024	2214.077	36.148	575.505	36	516.981	276.182	390.689	114.388	27.033	179.087	313	516.12	496.687	365.575	171.345	106.047	193.808	30.429	223.259	778.888	751.559	14.013	58.181	868.166	1183.789	494.802	105.134	390.191	47	45.26	16.252	30.44	35.274	344.831	400.084	210	44.358	1144.962	479.024	265.587	311.993	40.054	351	28	207.413	168.199	214	45	379.531	106.346	187	480.071	27	423.596	86.472	97.737	37	61	117.282	755.211	51.917	78.541	515.374	764.654	31	121.279	105.822	82.679	344.68	94.409	296	478	72.377	268	437.351	55.406	403.641	108	301.399	91	51	75	83.968	56.201	29	27	177.683	77.681	352.889	60.344	765.596	68.541	23	46.935	58.356	70.486	263.233	65.266	105.152	51.303	865	306.572	383.971	171.841	121.298	82.541	430.959
LOC111126421	LOC111126421	120	148	451	1609.001	12	85	509	236	100.001	123	119	72	1153	251	185	58	1012	577	43	375	2417.999	2194	457	1312	14	34	4974	1248.001	672	269	4720	47	2213	287	311	548	211	2279	72	246	36	69	710.999	276	1899.999	527	305.999	87.001	77	63	148	2159	3592.999	155	349	1931.999	78	253.999	6210	2313	219	234	174	322	483.999	467	347	413.999	334	290.999	282	115.082	424	345.001	765	219	387	163.001	366	493	440	799	530	654	195	764	954	405.001	336	228	622	496	517	969	267	434.999	222	377.001	250.999	342	272	10	4	14	6	8	1313.906	2368.042	2191.931	2313.943	2706.597	12	81	16	180.001	59	209	49	6	62	78	161	186	95.999	96.001	28	189	44	160	707.999	421.001	32	38	304	1023	160	23.001	131	20	81	27	54	49	342.001	195	117	36	506	156	145	87	23	191.999	7	106	70.999	54	28	51.999	25	34.001	166	39	156.999	90	117	32	14	12	243.999	42	124	198	765	37	76	16	93	254	81.001	97	113.999	34	14	556.999	16	67	22	81	49	10	29	24	5	4	7	27	32	150	45	279.999	43	14	52	14	9	184	119	42	15	371	139	205	184	25	29	184
LOC111126863	LOC111126863	19	53	36	108	40	58	64	33	17	39	30	31	100	25	50	21	52	96	38	35	155	167	66	96	36	80	408	45	94	77	172	20	83	54	43	132	45	109	16	14	19	19	84	80	58	36	56	56	35	27	46	131	212	56	61	100	31	36	213	232	62	74	40	32	60	78	53	53	41	53	31	34	52	39	75	46	70	35	71	57	46	62	97	77	102	61	100	34	54	37	61	56	58	89	59	75	68	35	53	36	42	30	43	37	107	25	27	44	56	26	42	14	28	9	67	40	47	22	6	17	18	68	43	110	14	11	25	16	26	29	45	6	12	55	237	33	5	19	4	13	16	13	8	19	31	18	12	55	21	11	21	9	40	34	19	62	56	16	37	20	33	37	7	12	17	14	8	10	8	23	22	16	43	100	4	8	12	7	35	10	20	80	42	46	124	24	45	16	18	18	10	12	15	22	12	11	12	2	54	16	39	8	9	12	11	4	19	15	11	14	206	44	36	23	14	20	28
LOC111127536	LOC111127536	241	299	443	1204	323	666	797	261	149	691	329	411	971	283	491	310	486	613	261	738	2173	1430	633	927	156	1059	2496	683	564	807	1531	267	1190	484	310	1106	312	1325	237	268	159	258	947	697	847	533	545	494	299	507	517	1059	1926	484	272	1345	170	349	3487	2496	457	144	57	53	200	192	126	136	143	145	104	63	184	111	234	63	258	73	217	213	170	250	253	229	210	191	387	159	132	119	207	133	190	308	139	166	150	119	148	96	89	343	431	376	231	348	458	746	665	556	590	93	257	78	417	272	309	137	78	182	188	392	376	391	139	211	353	183	269	387	470	53	167	602	1000	402	106	273	86	173	133	176	131	267	226	138	269	692	324	240	152	69	278	228	224	291	355	104	187	164	238	276	122	297	255	133	148	110	127	427	149	122	501	1332	54	165	157	135	250	127	177	379	193	160	677	125	296	176	222	118	88	142	147	170	73	181	146	143	526	120	363	127	82	123	116	91	286	184	166	151	979	496	292	245	129	240	330
LOC111127614	LOC111127614	15	23.92	29.436	134.798	28	59.915	46.008	29.707	13	62	31	54	89	17.813	36	16	44.366	36	18	53.954	175.303	161.734	57.536	75	8	125	263.933	85.942	69.956	68.447	143.334	42	94	46	41	104.445	58.758	82.808	20	31	21	40	98.294	73.632	61.008	28.98	48.832	36.95	27	26	34.424	146.968	130.733	58.352	22	89.069	15	18.92	304.792	177.856	27	48.958	26.08	22.293	28.191	27.344	31.492	16.595	39.02	56.665	21	11.015	18.416	13.054	55.297	17.881	51.337	26.664	45.425	22.367	48.33	43.351	76.579	41.282	32.401	34.181	53.922	35.275	57.987	43.207	38.977	28.844	16.879	65.236	22.825	13.525	19.853	31.425	13.68	18	28.787	7.971	13.001	15	30.116	14.988	54.89	38.634	55.66	45.54	48.541	15	46.632	10	43.736	26.396	27	12.932	4	21	24.687	44.065	36	55.588	13	22.934	39	16.909	38	33.151	55.119	7	25	59.498	97	34.103	8	26	16	7.92	10.876	15	7.771	18.553	28.484	24	19.913	51.851	38.301	19	19.885	3	29.86	19	28	30.966	25.744	11.918	25.91	15	20.927	25.728	3.819	26.925	7.954	5.926	20.759	11	8.577	58.428	8.44	9	35.741	86.928	4	11.901	8.93	13.416	14.031	12.594	15	32.651	20.347	16.252	48.277	16.965	27.924	11.997	19.957	15	10.38	10	18.115	8.884	9.998	12.957	11	11	36.951	19.998	18.592	4.643	8.323	2.522	7.223	12	6.878	24.352	4	9	80.792	39.352	33.018	25.135	11.085	9.837	10.363
LOC111127860	LOC111127860	29.501	47.724	125.953	468.238	12.872	72.269	0	0	0	163.006	30.049	92.57	374.253	1.765	42.987	0	0	282.575	30.665	60.694	2222.168	221.472	49.126	196.215	11.731	42.414	1978.69	220.23	17.179	72.931	719.769	57.882	139.654	87.775	88.885	274.311	24.425	193.072	0	0	12.043	58.312	237.063	187.786	0	72.335	50.85	27.383	26.511	131.822	236.883	71.93	0	81.131	144.74	758.844	15.002	137.431	2052.774	662.443	44.393	48.809	40.097	16.64	35.735	42.173	11.431	33.133	86.343	28.627	1.232	20.095	27.93	22.044	25.939	25.71	33.661	16.707	29.003	38.915	38.975	47.438	32.476	39.085	14.313	29.826	76.409	32.005	52.836	0	7.009	15.426	41.243	6.436	9.386	0	24.396	36.98	31.809	25.061	30.779	0	48.952	0	82	51	160.58	429.715	448.729	307.631	266.729	0	11.373	0	34.592	7.751	16.261	3.968	0	9.787	18.943	30.968	37.862	6.373	26.031	21.023	37.034	15	39.958	132.802	201.839	12.44	15.165	129.877	20.182	46.453	10.436	70.292	4.448	16.024	0	3	14.982	156.16	601.858	8.088	16.345	180.656	117.54	34.306	11.797	1	34.381	1.365	26.943	8.206	31.909	2.763	33.302	5.076	0	28.123	0	74.327	4.127	32.176	8.116	6.541	46.311	38.111	1.441	14.001	30.731	283.245	1.906	21.239	5.709	4.976	7.373	0	57.586	22.148	1.87	5.033	57.363	4.688	18.385	5.731	54.403	12.019	0	1.855	1.951	0	1.332	0	20.599	15.402	88.047	1.371	122.281	7.274	0	1.88	0	0	0	2.129	25.46	1.493	146.098	0	3.644	30.212	5.502	0	92.236
LOC111127943	LOC111127943	49	58	80	252	69	112	120	64	42	120	76	111	149	62	57	62	164	89	88	107	579	263	187	207	71	391	507	160	172	196	263	65	220	84	67	193	88	170	29	68	49	50	279	94	159	118	116	123	104	128	129	290	387	131	50	233	37	95	631	355	132	44	22	13	35	55	14	37	26	16	11	10	24	38	63	21	41	14	33	51	28	41	42	30	44	34	39	13	28	19	36	13	32	39	21	44	26	12	24	29	25	9	11	13	31	21	91	126	126	88	129	25	26	22	85	49	59	40	23	59	42	71	61	72	40	39	97	28	68	69	75	30	51	101	149	74	29	58	31	48	54	55	60	129	191	49	42	86	63	44	34	15	72	32	82	36	69	4	51	38	36	59	60	47	71	32	73	24	40	98	56	28	141	282	20	57	63	59	36	51	65	58	52	14	121	37	47	27	52	37	30	40	25	42	21	30	43	35	151	39	78	28	29	24	26	19	68	50	29	43	187	95	51	85	37	49	78
LOC111129679	LOC111129679	101.435	81.193	188.136	424.838	160.767	340.37	69.284	39.728	6.326	231.258	97.546	102.326	443.498	8.273	231.207	93.893	310.264	370.058	93.09	142.004	522.125	967.009	401.786	587.629	41.434	280.452	1227.944	374.473	326.682	97.006	335.695	39.615	602.389	162.791	118.396	339.767	141.008	785.741	16.369	4.895	37.644	119.177	481.746	136.43	367.86	234.297	78.299	139.328	45.004	100.139	94.234	493.4	337.772	170.294	164.58	463.85	75.505	144.532	1684.145	1222.59	233.13	158.963	42.493	45.098	220.178	166.706	59.918	66.484	99.939	171.165	65.147	68.683	157.023	97.727	242.075	67.189	362.281	66.049	221.869	190.294	105.465	244.492	279.82	77.346	271.591	146.098	294.268	110.788	223.899	87.633	127.391	80.881	128.625	222.842	74.345	75.594	157.957	85.014	129.137	87.949	81.9	0	0	0	0	0	193.894	102.238	186.166	117.828	113.31	57	110	41	208.607	142.423	189.448	77.682	26	99.715	121.491	272.878	360.735	350.917	64.251	46.827	119.543	68.728	102.159	216.949	321.966	20.651	46.791	322.174	812.68	142.024	38.817	133.785	41.827	84	69.035	97.133	18.388	49.486	45.499	101.018	105.782	380.937	239.17	124.538	98.446	32	196.638	88.671	90.079	157	122.793	14	101.858	34.169	173	179.15	38.333	96.801	21.983	30.447	16.007	35.734	66.307	138.504	16.763	38.361	171.194	443.157	22.123	28.879	77	22.789	165.6	25.12	82.368	167.019	43.897	63.427	435.602	43.14	90.049	26.69	203.384	47.174	56.608	41.999	103.006	92.65	25.028	35	61.154	34.073	194.028	41.159	115.61	35.091	7.641	57.524	31.655	37.157	161.979	61	45.228	70.999	701.824	153.498	217.801	86.955	64.559	42.095	229.72
LOC111129936	LOC111129936	397	376	728	2199	487	1005	999	395	231	876	495	441	1323	393	940	429	1030	1427	407	880	3410	3410	1345	1508	241	1563	4465	1221	1225	1092	2701	380	2334	856	481	1558	806	2000	333	350	230	336	1415	1009	1460	814	921	571	555	559	764	2277	4098	745	662	2526	333	508	5376	3866	1011	392	171	202	398	441	289	418	280	293	250	201	282	293	432	232	410	179	600	466	286	502	688	577	617	492	833	307	401	292	422	244	456	635	278	328	347	301	493	233	207	192	194	193	379	185	353	515	604	469	666	112	285	101	470	319	284	198	87	244	252	496	473	541	213	227	464	181	377	550	642	83	201	750	1445	656	135	385	106	260	227	208	227	322	580	155	287	871	430	337	195	80	402	255	347	409	437	110	281	180	314	308	178	355	377	147	256	166	206	584	209	149	739	2055	89	184	304	254	388	196	233	567	293	258	886	203	387	187	312	230	113	161	204	223	101	209	182	191	804	148	446	170	100	191	162	122	440	257	223	278	1428	697	451	411	178	311	497
LOC111130289	LOC111130289	125	112	238	606	116	236	276	133	58	252	110	167	344	109	209	156	300	196	82	278	1237	934	324	400	81	546	1479	338	363	317	859	126	685	188	177	584	201	524	90	123	64	104	472	336	417	236	244	185	123	200	206	481	1208	253	149	746	80	198	1834	1042	235	299	170	104	256	405	209	220	254	296	190	151	224	171	353	208	264	99	361	279	148	336	432	296	315	352	372	168	159	154	209	197	262	294	210	265	182	171	298	150	204	80	110	83	137	99	266	461	439	426	432	40	212	78	242	153	161	76	38	110	129	208	203	317	96	83	153	95	154	197	292	26	89	334	779	244	63	177	50	89	84	72	78	141	144	92	130	481	193	149	88	26	192	113	130	183	198	46	120	72	127	135	71	155	302	50	81	62	77	238	71	77	282	750	28	72	94	85	139	71	86	236	138	150	455	92	190	79	140	88	52	73	84	84	39	86	86	87	353	78	179	72	35	48	65	55	138	100	69	111	825	316	173	169	46	91	213
LOC111130585	LOC111130585	92	279	237	1224	82	423	131	115	59	400	137	197	899	135	161	75	186	825	33	202	1323	751	253	995	39	268	1641	618	334	298	825	45	588	238	291	789	296	631	142	113	69	158	1046	396	266	224	43	106	30	166	372	868	1333	41	340	1124	43	180	3588	1609	92	19	9	9	19	15	15	3	16	14	8	6	14	13	24	7	24	12	25	16	26	22	17	15	11	18	21	9	18	11	29	9	12	34	24	16	15	12	10	6	8	24	16	26	8	18	346	440	472	418	471	4	39	8	81	63	43	19	10	54	72	111	43	33	52	43	87	9	51	218	241	9	34	227	103	150	18	147	40	29	16	21	28	67	47	32	18	139	118	59	43	1	45	11	41	42	62	6	50	33	46	104	31	210	43	38	40	20	85	437	24	30	214	719	33	59	17	30	96	16	71	76	13	29	104	11	81	9	149	27	14	33	14	7	8	9	47	49	206	22	159	44	20	18	25	6	109	20	47	6	134	63	91	68	12	22	195
LOC111131074	LOC111131074	36	57	99	295.821	14.492	83.976	44.582	14.118	17.198	59.859	46.274	46.968	135.817	36.984	90.99	74.242	104.266	303.715	2.722	55.149	628.694	423.352	117.669	251.211	14	47.889	833.444	110.897	91.773	101.934	493.005	1.265	300.155	94.042	56.26	191.772	51.382	341.072	38	58.252	9.708	36.078	166.938	86.411	250.477	76.587	118.622	20.896	45.085	49.903	59.055	219.901	910.816	18.326	54.837	379.826	17.147	44.951	721.365	349.465	75.092	5.997	6	4.996	6.985	6	15.998	21.997	7.952	5.801	11.996	4	19.999	7	13	4.68	43.835	3.558	19.995	18	18.422	16.999	29	34.008	23.631	5.985	28.994	3	13.622	13	44.745	8	24	62.99	16	16.907	20.999	5	19.805	28.871	2.598	0	0	2.762	0	0	107.391	109.003	141.139	96.451	114.253	0	0	0	39.02	43	15.567	1.189	1	27	0	87	96	85.864	10	6	46.608	3	48.809	70.433	100	1	10	103.471	318.566	55	4.899	55	7	15.979	0	4	7.092	9.585	7	0	0	114.539	51.796	35.156	3.771	0	62	0	14	79.299	53.073	1.611	34	0	0	84	5.718	126	6	19	0	5	9	144.88	9	19	140.912	470.044	7	17.006	12	41.119	62.914	24	48.969	63	0	1.207	252.788	6.939	53	8	113	13	0	8	10	8	0	0	20	13	184.812	0	69.624	3	41.349	33.54	9	1	60.483	15.676	20.772	8.221	476.518	64.501	112.313	60.59	9	12	134.93
LOC111132461	LOC111132461	50	61	129	418	57	253	69	51	51	136	57	159	289	73	71	63	271	216	89	197	1994	298	224	528	68	135	997	395	126	108	1037	73	353	151	179	269	161	290	69	81	32	60	825	118	82	234	63	134	180	198	286	630	538	185	151	546	84	59	2080	1186	192	15	17	7	8	9	0	5	9	9	4	11	11	5	11	23	5	3	10	19	23	13	15	10	6	15	4	21	17	5	12	28	11	29	5	7	7	3	7	1	3	20	8.026	19	11	12	1365	2855	2282	1992	3158	4	13	5	54	58	35	14	8	70	52	107	32	62	46	32	101	31	109	312	331	45	28	215	142	117	21	98	16	35	12	5	42	587	847	29	34	129	310	76	15	7	69	9	124	26	131	2	53	15	33	60	12	185	95	45	23	14	131	312	14	33	568	671	31	36	21	78	56	40	73	84	32	49	191	22	44	19	103	29	18	10	15	18	3	9	58	138	278	8	185	44	13	42	36	23	99	35	51	17	148	77	71	120	38	37	165
LOC111132782	LOC111132782	31	187	242	952	32	263	123	43	22	336	65	127	349	40	139	43	251	389	47	95	950	879	271	901	46	550	1151	413	460	146	1151	43	493	306	126	745	294	839	80	126	35	121	598	551	445	210	54	82	54	71	251	1384	1106	114	165	454	35	115	2148	1835	177	208	136	97	221	288	265	204	270	238	118	86	221	251	335	184	312	110	294	397	306	402	365	394	364	401	599	272	254	329	341	235	325	523	234	191	196	164	240	143	199	18.188	25.102	15.956	16.585	25.227	667	1260	1007	1291.231	765.023	15	251	11	370	183	231	47	5	105	158	317	334	356	76	82	230	61	142	372	546	9	57	276	731	457	31	273	14	96	42	32	35	164	52	120	38	545	208	123	72	11	161	36	68	116	198	32	179	50	138	170	63	266	82	64	109	26	87	598	66	86	329	1145	39	123	55	98	127	45	142	308	51	151	487	41	235	62	214	57	34	47	46	45	28	15	94	82	372	45	303	58	13	46	38	13	140	69	58	54	555	154	175	122	29	106	421
LOC111134314	LOC111134314	130	368	364	861	261	437	521	355	178	555	331	351	657	420	309	304	352	271	193	428	1029	988	421	744	156	660	2334	452	455	916	916	181	692	459	368	933	329	861	165	227	142	268	759	674	484	396	547	386	191	287	390	978	1238	459	159	797	123	215	2144	1715	390	195	73	72	222	236	153	207	173	139	118	65	150	150	232	121	193	93	227	246	176	197	263	291	292	196	441	191	159	155	263	159	232	330	169	150	139	130	212	103	113	84	111.896	72.913	156.001	121	312	474	502	339	308.916	88	327	83	429	254	254	148	70	168	220	398	370	551	119	158	297	137	235	221	297	32	115	504	1291	426	67	235	91	125	92	111	95	129	182	147	184	496	210	159	150	71	308	214	201	372	373	102	251	131	217	244	107	162	150	84	125	108	89	324	92	94	303	868	60	105	127	129	235	102	157	385	209	272	742	188	361	203	244	145	83	113	166	135	66	204	161	101	387	122	227	105	58	97	79	82	212	130	79	112	1097	336	264	216	118	221	310
LOC111134645	LOC111134645	54	99	96	225	220	158	437	143	165	349	20	44	283	141	83	76	94	253	63	161	566	111	47	121	54	59	508	62	166	385	254	197	107	164	193	37	123	189	31	118	86	71	153	122	189	111	312	41	105	199	209	104	291	85	885	96	44	22	102	106	390	32	88	106	69	117	36	74	117	66	114	42	110	83	105	46	115	36	199	70	242	133	171	125	34	157	112	89	107	119	218	91	144	373	42	77	106	74	78	36	29	48	39	47	184	19	155	183	220	165	103	23	17	17	37	33	26	39	23	30	14	29	68	111	17	20	63	28	49	27	48	0	15	35	266	19	12	17	10	63	15	14	0	4	1	23	67	38	38	45	10	7	35	130	23	115	44	8	49	27	15	20	33	18	4	7	9	23	25	37	13	9	120	293	22	16	25	11	20	3	11	23	22	10	69	17	22	7	28	7	11	7	9	21	28	24	42	22	52	22	19	23	0	13	11	10	26	7	11	11	334	71	17	24	13	18	10
LOC111136464	LOC111136464	80	106	119	313	84	114	162	81	47	149	89	70	172	81	180	143	193	171	115	235	721	542	174	236	80	263	672	127	177	180	273	99	327	222	151	257	127	376	60	58	64	104	226	323	256	143	233	178	122	166	135	284	848	186	88	386	130	111	748	516	123	148	75	56	179	259	161	229	200	203	104	82	161	133	240	110	249	64	214	185	160	248	370	189	249	246	499	182	106	135	177	119	188	219	120	130	137	146	176	141	120	4	4	7	3	5	159	308	221	368	288	24	56	36	115	83	89	51	21	54	64	110	123	116	57	61	93	53	78	114	103	33	56	154	298	138	23	82	31	45	53	65	54	104	177	51	58	202	77	67	52	28	92	64	106	64	108	26	55	51	57	88	44	72	71	26	45	42	20	98	59	35	114	273	27	44	47	35	61	49	65	115	86	31	255	47	97	40	45	37	30	18	80	57	28	37	50	37	171	48	88	39	24	31	52	32	59	43	48	65	266	152	78	70	27	46	91
LOC111136622	LOC111136622	38	50	72	156	36	70	109	27	17	116	52	59	125	21	66	46	70	78	53	94	267	214	114	131	31	114	563	96	110	59	195	29	167	47	43	153	43	168	34	38	16	40	129	87	128	69	71	84	37	47	75	200	360	99	53	204	29	63	462	361	88	93	35	33	74	117	44	81	53	89	44	28	85	55	101	52	85	24	94	73	73	119	171	84	148	93	177	70	77	75	85	61	87	99	64	73	110	61	85	41	54	72	86	64	128	72	81	173	140	106	142	17	56	9	66	40	48	20	7	16	31	61	54	93	25	41	61	31	51	60	79	8	24	101	251	90	16	46	14	33	28	25	27	44	74	19	59	162	55	35	26	11	58	36	32	70	67	22	46	23	36	40	16	43	46	18	22	20	25	48	23	15	68	198	10	16	44	34	54	37	33	103	52	54	133	31	55	25	31	22	15	19	15	29	12	40	27	17	110	27	66	20	8	16	21	15	46	28	31	34	197	110	46	36	26	32	70
LOC111136631	LOC111136631	7	100	144	1362	4	42	16	105	5	121	14	23	709	9	370	12	84	233	5	70	669	1216	113	493	18	6	1355	163	222	45	834	24	291	83	77	571	110	350	8	36	4	26	659	321	139	41	12	13	9	15	96	285	407	16	43	553	3	70	2827	1069	94	205	235	242	768	283	161	630	388	715	649	225	465	144	1144	97	410	291	1384	732	139	851	1328	912	1074	794	2026	217	387	491	1072	707	440	1560	340	587	575	390	903	794	156	0	0	0	0	0	170	618	76	413	2455	0	53	2	53	75	12	7	1	13	65	380	94	9	16	18	247	11	22	4239.999	1566	28	5	141	317	81	20	811	1	3	1	4	17	223	362	33	2	139	200	53	106	1	60	1	9	18	6	0	86	2	76	46	18	533	0	18	4	21	7	454	5	10	28	1246	7	41	6	26	157	18	32	226	1	7	63	3	49	8	179	6	9	11	46	3	2	0	8	35	19	16	135	27	1	75	0	2	40	4	25	8	257	22	404	29	7	11	144
LOC111136698	LOC111136698	14	24	63	228	23	40	43	28	7	58	23	49	150	7	39	14	69	66	4	51	266	265	97	195	4	60	677	115	74	40	256	10	210	39	62	207	35	167	16	12	10	32	141	94	94	103	27	35	16	57	42	171	420	25	49	403	17	47	979	461	22	64	17	29	68	42	12	46	23	39	5	4	42	27	61	10	34	27	52	6	9	58	47	58	12	42	79	26	37	7	43	11	51	61	39	10	37	18	34	19	30	16	9	6	6	8	147	202	245	230	180	4	49	4	65	38	48	19	6	23	40	66	68	70	28	17	22	12	32	80	133	3	7	89	246	65	7	52	7	8	7	6	10	34	31	35	14	145	54	35	22	4	34	14	23	30	21	2	35	13	29	50	8	38	16	10	1	6	10	56	3	12	54	208	3	7	9	18	36	8	25	95	20	13	117	11	68	9	44	15	11	9	11	9	7	6	18	6	50	7	31	14	8	10	13	8	41	8	12	16	146	42	61	36	6	16	54
LOC111136811	LOC111136811	115	135	88	333	80	126	203	41	32	132	46	71	214	37	194	83	165	162	70	112	428	613	157	333	44	180	824	159	151	158	387	66	224	131	73	305	133	581	53	45	31	61	225	174	230	72	115	108	66	86	125	330	537	131	86	293	42	82	597	537	236	111	56	50	107	178	84	111	121	119	70	65	112	66	172	59	146	53	150	184	122	172	265	158	217	144	256	102	112	99	139	98	123	218	100	98	120	105	122	71	70	25	28	17	67	28	58	140	124	100	104	12	64	25	115	92	122	44	19	54	69	109	101	126	39	31	88	30	72	100	101	17	38	158	393	153	16	77	21	46	32	41	35	54	77	31	74	179	61	40	64	14	94	45	71	109	86	17	45	17	52	69	26	44	36	23	31	26	25	63	25	20	144	235	12	40	47	32	82	18	45	115	60	39	215	33	72	24	57	23	23	31	33	43	14	45	42	24	122	42	68	28	17	24	26	18	62	31	26	14	280	118	84	53	19	38	77
LOC111137068	LOC111137068	286	393	468	1798	379	991	965	368	193	805	426	545	998	337	522	363	631	518	262	767	2175	2057	711	1148	177	1189	3861	1151	934	816	2389	384	1330	586	459	1454	653	1601	309	355	196	333	1325	798	773	561	491	469	336	494	651	1752	2504	620	303	1675	164	356	4116	3356	645	79	54	44	132	177	96	123	110	97	83	35	90	89	129	67	151	55	158	183	141	152	160	182	150	125	252	87	101	75	182	68	111	254	95	124	98	84	133	69	77	307	359	292	605	314	790	1108	1146	997	900	125	402	112	572	321	348	182	100	232	303	515	582	651	222	237	420	228	383	484	704	88	206	726	1813	587	127	383	115	236	153	163	199	317	409	186	356	896	472	312	199	114	427	290	336	479	433	118	284	159	292	344	147	379	339	148	246	101	227	608	151	159	683	2145	95	225	230	192	313	166	223	598	303	299	892	180	437	198	236	170	107	126	162	186	81	212	188	187	611	148	407	142	83	154	176	113	352	199	147	227	1484	669	477	348	164	288	504
LOC111138274	LOC111138274	139	218	246	705	169	326	381	140	77	334	205	259	487	111	271	171	285	340	188	292	1159	891	426	436	103	535	1396	402	327	429	802	163	602	317	201	613	231	715	126	173	72	150	497	327	393	313	310	271	194	194	250	689	964	275	136	645	101	173	1602	1022	300	94	55	43	114	176	73	114	99	109	75	47	107	73	129	50	137	45	130	114	101	141	190	106	183	126	226	91	99	63	120	69	160	149	96	129	107	75	159	75	59	105	121	75	159	113	190	295	305	268	325	53	118	58	222	130	131	80	49	76	100	177	148	285	82	93	170	81	128	145	200	21	113	289	632	231	66	120	40	80	68	77	92	103	171	83	136	305	148	117	69	37	167	99	150	170	148	34	123	69	108	122	59	114	122	52	75	72	44	153	65	62	222	544	33	76	91	74	131	90	88	237	139	97	350	73	186	85	92	58	42	66	69	82	44	80	89	56	199	66	188	63	31	52	57	44	115	79	62	106	540	272	145	141	55	104	186
