gene_id	baseMean	log2FoldChange	lfcSE	pvalue	padj
LOC111099093	326.47200512	-1.05748	0.24407995	2.456699e-06	0.0003236701
LOC111099206	87.4556201	-1.095134	0.26190732	3.937408e-06	0.000440711
LOC111099214	17.07639112	-1.211903	0.34177635	1.945903e-05	0.00146064
LOC111099448	13.23471973	-1.491651	0.66882506	4.266998e-05	0.002645539
LOC111099721	29.3792132	-1.006209	0.42293086	0.0003185361	0.01105307
LOC111099733	6.7309218	-1.10564	0.57728927	0.0004008806	0.01300087
LOC111099776	223.04119186	-1.117072	0.50545786	0.0002890671	0.01042473
LOC111099780	21.74611625	-1.626879	0.38478404	3.930857e-07	9.653879e-05
LOC111100031	14.70795387	-1.150418	0.56609658	0.0002998566	0.01063839
LOC111100158	6.91840326	-1.379991	0.65239594	8.46928e-05	0.004323955
LOC111100260	35.32952686	-1.034294	0.35107044	0.0001089144	0.005149718
LOC111100294	68.69756714	-1.307348	0.640915	0.0001312877	0.005941465
LOC111100444	54.59374748	-1.059313	0.31908268	4.734372e-05	0.002837931
LOC111100589	488.89316926	-1.141693	0.25951019	1.587808e-06	0.0002434254
LOC111100735	37.10691242	-1.355068	1.03052048	5.423731e-05	0.003083117
LOC111100813	131.18510737	-1.215519	0.29268566	3.215335e-06	0.0003883775
LOC111100938	7.97260974	-1.608523	0.45217127	3.422985e-06	0.0003994307
LOC111101056	38.91955254	-1.082737	0.27643813	9.521728e-06	0.0008652727
LOC111101086	122.86776309	-1.531918	0.30636191	2.354203e-08	2.205626e-05
LOC111101094	19.6069864	-1.068492	0.66374638	0.0005137602	0.0152895
LOC111101168	354.31035664	-1.081049	0.23948604	1.157511e-06	0.0001965128
LOC111101175	60.27592442	-1.621983	0.51501947	7.475797e-06	0.0007233082
LOC111101405	24.89551207	-1.174116	0.6819325	0.0002824394	0.01022116
LOC111101698	11.18052852	1.185741	0.49128788	0.0001731446	0.007275523
LOC111101704	11.02526453	-1.02412	0.7760516	0.0004497761	0.01411605
LOC111101734	6.38492679	-1.295712	0.65081771	0.0001416648	0.006264954
LOC111101737	391.73856277	-1.316867	0.2879644	4.48508e-07	0.0001031405
LOC111101773	135.96351997	-1.160333	0.3321385	2.542229e-05	0.001781391
LOC111101808	233.70283327	-1.240434	0.24137734	4.131687e-08	2.903199e-05
LOC111102125	272.79284789	-1.111355	0.24847072	1.278619e-06	0.0002113983
LOC111102606	6.47349892	1.565375	0.93411003	2.741045e-05	0.001869763
LOC111102688	177.54301645	-1.069532	0.24608076	2.281974e-06	0.0003132078
LOC111103106	15.62652552	-1.292174	0.614688	0.0001399226	0.006223252
LOC111103132	26.82332737	-1.080688	0.71200859	0.0004387471	0.01387742
LOC111103149	25.25303963	-1.552922	0.50502278	1.24276e-05	0.001062569
LOC111103166	32.06956261	-1.268884	0.44018156	6.331056e-05	0.00348153
LOC111103275	532.03518287	-1.151765	0.46767429	0.0001834598	0.007533767
LOC111103305	245.00241125	-1.284059	0.28512343	6.777925e-07	0.0001356364
LOC111103338	122.3271312	-1.448382	0.32206009	3.521992e-07	9.265743e-05
LOC111103375	342.00883784	-1.065384	0.30902903	3.47751e-05	0.002255567
LOC111103395	185.17852525	-1.13427	0.30421898	1.474761e-05	0.001207299
LOC111103412	221.31857628	-1.079835	0.32536757	4.569479e-05	0.002770714
LOC111103519	90.97899537	-1.04424	0.38613897	0.0001681121	0.007111312
LOC111103555	61.32074583	-1.335865	0.29761675	5.937573e-07	0.000125164
LOC111103594	170.73232696	-1.058959	0.30519792	3.332543e-05	0.002178295
LOC111103614	417.29592411	-1.204436	0.29042095	3.387937e-06	0.0003986105
LOC111103618	212.46519568	-1.021524	0.30836535	5.112331e-05	0.002979759
LOC111103784	101.08182184	-1.513638	0.33918534	2.944043e-07	8.031213e-05
LOC111103803	337.94422436	-1.183682	0.29132816	4.76795e-06	0.0005176398
LOC111103873	153.51787378	-1.08097	0.23313042	6.940039e-07	0.0001369846
LOC111103907	104.96863662	-1.054177	0.2713032	1.098351e-05	0.0009647184
LOC111104013	16.53474776	-1.016343	0.64100071	0.0006928513	0.01872475
LOC111104056	168.38276799	-1.519614	0.32298107	1.006802e-07	4.322674e-05
LOC111104060	143.05023304	-1.362679	0.29196694	2.481823e-07	7.473833e-05
LOC111104078	30.79672473	1.460234	0.72386228	5.317495e-05	0.003043243
LOC111104103	34.29904797	-1.013807	0.42457283	0.000308448	0.01085492
LOC111104143	518.27524798	-1.17154	0.40123791	8.23446e-05	0.00426842
LOC111104165	57.739806	-1.4486	0.28149291	1.718193e-08	1.868903e-05
LOC111104328	31.34550768	-1.073763	0.34416253	7.110809e-05	0.003763076
LOC111104343	13.63592382	-1.001777	0.69019166	0.0006927323	0.01872475
LOC111104371	45.66877056	-1.447762	0.29724358	6.695747e-08	3.763902e-05
LOC111104499	67.52999716	-1.317297	0.62265598	0.0001210947	0.005600021
LOC111104586	86.72097906	1.007861	0.20731365	2.952652e-07	8.031213e-05
LOC111104625	39.33853686	-1.535027	0.47005428	9.655869e-06	0.0008692344
LOC111104857	185.98334218	-2.163038	1.73546144	5.867622e-06	0.0006083089
LOC111105049	3.65796342	-1.3136	0.70226592	0.0001257452	0.005762409
LOC111105338	35.4151148	-1.330851	0.69823591	0.0001141884	0.005319538
LOC111105366	140.44558471	-1.38391	0.28445002	9.159773e-08	4.16799e-05
LOC111105453	13.89334829	-1.295266	0.49478307	8.478343e-05	0.004323955
LOC111105679	756.71586199	-1.054765	0.82185873	0.0003158178	0.0109889
LOC111105826	432.98686449	-2.08009	0.44183556	2.223675e-09	7.03126e-06
LOC111105850	99.38192035	-1.355151	0.3117545	9.684944e-07	0.0001725284
LOC111105865	33.17772523	-1.47459	0.41378202	6.763712e-06	0.0006789479
LOC111106130	189.68102212	-1.493176	0.32784	2.224959e-07	7.309425e-05
LOC111106274	56.12165844	-1.398106	0.52363731	4.926562e-05	0.002925407
LOC111106484	48.14177081	-1.144991	0.66440305	0.0003379771	0.01155333
LOC111106646	109.00728059	-1.197551	0.41754545	8.327296e-05	0.004307715
LOC111106911	74.81764794	-2.07381	0.92385761	2.347043e-06	0.0003158021
LOC111106912	22.28422508	-2.806882	1.21945851	2.532909e-07	7.482546e-05
LOC111107117	380.53392726	-1.164211	0.30184393	9.531112e-06	0.0008652727
LOC111107208	237.26791492	-1.290401	0.31338284	2.851473e-06	0.0003606543
LOC111107543	239.32630969	-1.498986	0.28807893	1.003158e-08	1.335573e-05
LOC111107750	97.62042631	1.234729	0.34290029	1.583839e-05	0.001271898
LOC111107827	153.77899978	-1.148342	0.26870644	2.51147e-06	0.000327475
LOC111107928	6.34004337	-1.384679	0.82125856	7.179156e-05	0.003791314
LOC111108058	65.99839127	-1.076513	0.47628884	0.0003125102	0.0109038
LOC111108228	109.15297431	-1.052368	0.26317237	7.789589e-06	0.0007463843
LOC111108234	116.7799353	-1.205327	0.31499535	9.341593e-06	0.0008592906
LOC111108345	1349.46038224	1.328544	0.37876932	1.448405e-05	0.001193448
LOC111108589	141.68240827	-1.097547	0.27410722	7.060499e-06	0.0006990177
LOC111108615	84.27668709	-1.076435	0.31502353	3.665898e-05	0.002341731
LOC111108652	248.24831062	-1.036201	0.33837538	8.592439e-05	0.004365806
LOC111109471	189.68846906	-1.007933	0.30469307	5.265372e-05	0.00302711
LOC111109540	85.2113671	-1.375395	0.64055779	8.612181e-05	0.004365806
LOC111109553	252.81261675	-1.071247	0.26289498	5.907063e-06	0.0006098983
LOC111109784	50.43914372	-1.246767	0.67432361	0.0001885488	0.007668056
LOC111110008	121.01371558	-1.192802	0.27355844	1.610028e-06	0.0002435259
LOC111110093	146.26391359	-1.099545	0.46447814	0.0002500166	0.009286959
LOC111110111	33.06407374	-1.127759	0.38833692	9.58001e-05	0.004701199
LOC111110144	5.19736091	-1.559011	0.88202024	2.910452e-05	0.001950347
LOC111110309	895.56579227	-1.066459	0.90382545	0.0002046253	0.008075199
LOC111110446	601.92383548	1.014186	0.82592112	0.0003611756	0.01203728
LOC111110512	8.36384636	-1.331408	1.1116813	5.112187e-05	0.002979759
LOC111110683	79.87111688	-1.605852	0.33255719	3.558253e-08	2.673547e-05
LOC111110857	24.63800999	-1.025742	0.67355455	0.0006348625	0.01776491
LOC111110905	18.21675765	-1.334211	0.80059116	9.589732e-05	0.004701199
LOC111110920	481.56340536	-1.298356	0.28206906	4.228621e-07	9.904371e-05
LOC111111091	98.58364511	-1.735393	0.3465176	6.819168e-09	1.078111e-05
LOC111111239	9.51226678	-1.165465	0.5835349	0.0002858938	0.01033139
LOC111111254	128.74002231	1.477722	0.36528453	1.663788e-06	0.0002475717
LOC111111272	5.3831097	-1.409565	0.40727466	1.161984e-05	0.001010087
LOC111111305	552.01315678	1.249342	0.27686988	7.36502e-07	0.0001411406
LOC111111627	37.08689411	-1.170614	0.64801114	0.0002948556	0.01054161
LOC111111816	62.4939668	-1.44545	0.57490643	4.578426e-05	0.002770714
LOC111112113	312.05356015	-1.003457	0.27049599	1.943526e-05	0.00146064
LOC111112295	187.19822618	-1.281937	0.31282777	3.140706e-06	0.0003856665
LOC111112418	25.62985531	-1.971451	0.33945231	1.805462e-11	4.567097e-07
LOC111112580	234.03828394	-1.089564	0.30223385	2.24818e-05	0.001634195
LOC111112620	375.71687382	-1.097593	0.29986928	1.915696e-05	0.001455238
LOC111112623	298.73979863	-1.066296	0.30050155	2.709666e-05	0.001862601
LOC111112848	70.27767599	-1.317293	0.28882497	4.715213e-07	0.0001055995
LOC111113037	31.78218219	1.067964	0.3561691	9.201635e-05	0.00458198
LOC111113324	49.48797911	-1.450437	0.32519561	4.063167e-07	9.739031e-05
LOC111113346	68.39341121	-1.187314	0.28242232	2.913568e-06	0.0003666747
LOC111113862	8.78378864	-1.025607	0.48079073	0.0004361574	0.01384894
LOC111114510	81.49385988	-1.21477	0.36709975	3.345323e-05	0.002181013
LOC111114571	13.11313012	-1.127739	0.51886125	0.0002893011	0.01042473
LOC111114607	84.81036464	-1.452813	0.3567318	1.710217e-06	0.0002517758
LOC111114659	80.18963596	-1.991993	0.92474775	3.638442e-06	0.0004136628
LOC111114660	17.95436634	-1.488345	0.86667043	4.098499e-05	0.002547313
LOC111114681	397.42217355	-1.410848	0.79952381	6.527975e-05	0.003551218
LOC111114708	26.64833538	-1.35708	0.64904451	9.734456e-05	0.004735438
LOC111114815	119.85467476	-1.265253	0.35874355	1.728759e-05	0.00134556
LOC111114966	339.87706664	1.022509	0.29838496	3.909893e-05	0.002457884
LOC111115075	16.56972671	-1.435425	0.34736099	1.509576e-06	0.0002357175
LOC111115107	112.81259689	-1.153446	0.27076257	2.605769e-06	0.0003363038
LOC111115218	16.81730987	-1.052711	0.80153377	0.0003519915	0.01180899
LOC111115394	6.74493981	-1.184561	0.57157911	0.0002478253	0.009246297
LOC111115419	81.47050309	-1.072685	0.42014711	0.0002033976	0.00803929
LOC111115421	174.74424303	-1.548567	0.29063061	4.04206e-09	8.896895e-06
LOC111115493	191.92349153	-1.037148	0.72304502	0.0005276201	0.01559191
LOC111115715	117.74440984	-1.2385	0.27471539	7.762247e-07	0.0001454473
LOC111115822	63.31514728	-1.145846	0.4816906	0.0002102102	0.008218665
LOC111115887	6.58279342	-1.837949	0.88290489	7.422432e-06	0.0007233082
LOC111116005	147.11924043	-1.521798	0.3220854	9.101936e-08	4.16799e-05
LOC111116029	42.79646812	-1.175167	0.31422535	1.294522e-05	0.001091752
LOC111116050	50.20268555	-1.017708	0.52436963	0.000566347	0.01639166
LOC111116214	30.43260215	1.482696	0.66647035	4.503804e-05	0.002751889
LOC111116430	4.95143701	1.150134	0.85273814	0.0001878492	0.007651906
LOC111116581	120.27897977	-1.05765	0.38540384	0.0001519316	0.006558467
LOC111117039	241.71923874	-1.094699	0.29869929	1.902927e-05	0.001449893
LOC111117293	27.70516816	-1.941734	1.84550453	9.543448e-06	0.0008652727
LOC111117481	16.31883668	-1.094412	0.58470143	0.0004339852	0.01380892
LOC111117741	107.35653647	-1.104093	0.71977563	0.0003811307	0.01260272
LOC111117789	75.27694365	-1.741744	0.51210473	2.241427e-06	0.0003098313
LOC111117861	9.80376291	-2.767177	1.27357455	3.924515e-07	9.653879e-05
LOC111117882	83.12232981	-1.047923	0.22102429	4.717247e-07	0.0001055995
LOC111117983	49.64461605	-1.18736	0.41268452	8.466436e-05	0.004323955
LOC111117984	104.06946847	-1.127204	0.25983834	2.080175e-06	0.0002958819
LOC111118000	44.10928241	-1.084272	0.4349686	0.0002170361	0.008417689
LOC111118008	19.75926294	-1.460709	0.46211498	1.710648e-05	0.001338963
LOC111118031	58.5095535	-1.136084	0.59218115	0.000345484	0.01171496
LOC111118045	262.47287719	-1.044635	0.25473747	5.670351e-06	0.0005902765
LOC111118080	8.48647606	-1.205046	0.39048124	5.450377e-05	0.003089283
LOC111118097	355.83306599	1.294392	0.68490579	0.0001422571	0.006280169
LOC111118098	653.9905428	1.289125	0.62561912	0.0001446705	0.006325485
LOC111118129	88.96674916	-1.267513	0.37352295	2.346854e-05	0.001689491
LOC111118185	220.65604775	-1.350767	0.28064459	1.343924e-07	5.212635e-05
LOC111118218	132.43586431	-1.101002	0.36608327	8.409418e-05	0.004314901
LOC111118226	35.14630403	-1.496509	0.46259272	1.247561e-05	0.001062569
LOC111118350	131.68541783	-1.095039	0.26142986	3.839718e-06	0.0004316867
LOC111118425	87.3352058	-1.054406	0.27202315	1.129143e-05	0.0009883321
LOC111118446	113.50571214	-1.268663	0.30957867	3.283654e-06	0.0003918081
LOC111118797	357.20144722	-1.367043	0.32368513	1.46723e-06	0.0002319174
LOC111118825	6.77138332	-1.167395	0.57916661	0.000279936	0.01015963
LOC111118871	88.10234934	-1.156231	0.29639858	8.528442e-06	0.0008019906
LOC111119012	12.02843743	-2.804556	1.35528628	4.907508e-07	0.000108895
LOC111119016	100.97460843	-1.286181	0.34182783	8.706457e-06	0.0008126883
LOC111119162	257.77670243	-1.106884	0.27201994	5.61558e-06	0.0005869905
LOC111119255	230.8416466	-1.001575	0.20252452	2.017858e-07	6.897801e-05
LOC111119297	446.00409864	-1.208915	0.31497648	8.940098e-06	0.0008283836
LOC111119632	30.33865013	-1.207684	0.41293668	7.296842e-05	0.003837441
LOC111119770	443.92462617	-1.170209	0.32652039	1.98174e-05	0.001474414
LOC111119808	69.05829881	-1.292086	0.32584429	4.674575e-06	0.0005096899
LOC111119832	45.44241729	-1.135323	0.4498833	0.0001773622	0.007367082
LOC111119837	22.75232471	1.059202	0.7343714	0.0004557544	0.01421549
LOC111119867	176.56993665	-1.023384	0.38828519	0.0001985648	0.007932254
LOC111119871	28.72648317	-1.040365	0.74870859	0.0004722831	0.01456432
LOC111120009	84.35927545	-1.001169	0.26259156	1.461231e-05	0.001200107
LOC111120065	267.63683673	-1.0199	0.2937383	3.51638e-05	0.002269142
LOC111120088	117.05531411	-1.412846	0.26139378	5.179174e-09	8.896895e-06
LOC111120093	226.48468199	-1.48616	0.2771417	4.630822e-09	8.896895e-06
LOC111120105	117.41415223	-1.042979	0.31021722	4.416774e-05	0.002705248
LOC111120232	114.64897832	-1.280404	0.2960475	1.395153e-06	0.000227689
LOC111120551	117.51164109	-1.180564	0.28252609	3.246385e-06	0.0003891969
LOC111120552	32.29448791	-1.08498	0.317255	3.582492e-05	0.002300069
LOC111120563	329.49872982	-1.204915	0.27490886	1.423975e-06	0.0002278467
LOC111120567	53.55132571	-1.106152	0.38751456	0.0001109162	0.005224833
LOC111120585	1783.8728191	-1.423851	0.32200133	5.367595e-07	0.000114379
LOC111120598	152.16579142	-1.418937	0.29866721	1.335027e-07	5.212635e-05
LOC111120600	330.01529426	-1.326841	0.28304809	2.617838e-07	7.525096e-05
LOC111120679	32.99215207	-1.122964	0.56373504	0.0003506037	0.01179371
LOC111120729	443.26779786	-1.34848	0.34223209	4.106265e-06	0.0004535898
LOC111120808	750.29313649	-1.564961	0.29682783	4.972141e-09	8.896895e-06
LOC111120836	139.20792501	-1.015419	0.29944266	4.29882e-05	0.002658752
LOC111120898	144.52344551	-1.732847	0.48947661	1.711948e-06	0.0002517758
LOC111121136	87.01057753	-1.278416	0.25249905	5.306139e-08	3.338042e-05
LOC111121229	643.22661074	-1.5424	0.30134632	1.238066e-08	1.491339e-05
LOC111121327	77.19375477	-1.051467	0.62909514	0.0005749358	0.01657489
LOC111121360	170.01001945	-1.30463	0.26280937	7.845417e-08	3.972319e-05
LOC111121368	165.00990754	-1.56126	0.35025137	2.332384e-07	7.314361e-05
LOC111121393	361.97531965	-1.400884	0.30406823	2.743142e-07	7.625332e-05
LOC111121477	99.08247134	-1.138161	0.29588257	1.04568e-05	0.0009248785
LOC111121488	162.16176019	-1.083786	0.27153049	7.547365e-06	0.0007259245
LOC111121573	714.07970936	-1.584515	0.31548336	1.587319e-08	1.825128e-05
LOC111121627	135.71217255	-1.321195	0.27772519	1.955761e-07	6.781659e-05
LOC111121628	10.52497142	-1.354106	0.3684006	8.596376e-06	0.0008053849
LOC111121830	173.59538468	-2.399919	0.53878633	5.409495e-10	3.420965e-06
LOC111121849	309.79006379	-1.272831	0.30583654	2.599845e-06	0.0003363038
LOC111121880	198.18272459	-2.146833	0.57150751	5.41033e-08	3.338042e-05
LOC111121910	56.71274669	-1.033262	0.29185623	2.914419e-05	0.001950347
LOC111121973	114.94168696	-1.666325	0.34827464	3.046832e-08	2.657678e-05
LOC111121989	209.03073799	-1.114037	0.30900052	2.138903e-05	0.001563748
LOC111122027	78.42087162	-1.068103	0.38098263	0.0001332829	0.005995516
LOC111122033	41.45995634	-1.907155	0.40516549	8.405397e-09	1.250723e-05
LOC111122105	31.35547326	-1.10691	0.31297596	2.582955e-05	0.001799957
LOC111122197	100.02313835	-1.65482	0.33852878	2.014424e-08	2.038274e-05
LOC111122207	6.45459204	-3.825099	1.63434857	1.254635e-07	5.118912e-05
LOC111122242	13.97922066	-1.066186	0.79093108	0.000349507	0.01178817
LOC111122252	37.08832687	-1.037319	0.45042793	0.0003310174	0.01135008
LOC111122253	40.84082659	-1.152823	0.29205129	7.464079e-06	0.0007233082
LOC111122299	9.89560152	-1.315113	0.52533152	8.937989e-05	0.004503892
LOC111122368	84.16012162	-1.301939	0.31109854	2.164065e-06	0.0003041233
LOC111122559	98.23433462	-1.334102	0.32986302	3.108879e-06	0.0003853712
LOC111122588	733.68004348	-1.154785	0.27497085	3.224197e-06	0.0003883775
LOC111122599	4080.42680197	1.053203	0.27338874	1.213264e-05	0.001051053
LOC111122642	395.32215727	-1.232688	0.27125951	6.8097e-07	0.0001356364
LOC111122684	107.60257323	-1.230738	0.36296847	2.657881e-05	0.001831983
LOC111122798	132.07564384	-1.121759	0.30046303	1.495471e-05	0.00121756
LOC111122809	47.35540556	-1.145912	0.54896702	0.0002923593	0.010505
LOC111122852	227.19950518	-1.002264	0.20831276	3.747792e-07	9.480415e-05
LOC111122951	20.71605708	2.616059	2.3792161	4.038037e-06	0.0004499832
LOC111122967	295.03913171	1.001242	0.25881756	1.242256e-05	0.001062569
LOC111122968	132.09306104	-1.196651	0.46896098	0.0001377858	0.006158004
LOC111122984	62.50895706	-1.149866	0.26885541	2.471825e-06	0.0003239756
LOC111123007	118.01682354	-1.566135	0.35278907	2.446174e-07	7.455232e-05
LOC111123030	33.67700348	-1.406204	0.51359	4.339286e-05	0.002677233
LOC111123076	10.61663838	-1.120618	0.30409354	1.709665e-05	0.001338963
LOC111123228	59.91218493	-1.82452	0.48629048	5.380732e-07	0.000114379
LOC111123342	284.42382062	-1.232538	0.28068289	1.266943e-06	0.0002108461
LOC111123358	96.1946874	-1.722793	0.32393474	1.53621e-09	6.476659e-06
LOC111123416	377.06019118	1.017165	0.39776369	0.0002307334	0.008772182
LOC111123422	518.78161143	-1.201234	0.24626171	1.697231e-07	6.222195e-05
LOC111123543	38.98966622	1.046028	0.55431668	0.0005334309	0.0156972
LOC111123552	25.75790685	-1.470841	0.70206927	4.983181e-05	0.002943753
LOC111123556	271.77292535	-1.496629	0.30221878	3.570575e-08	2.673547e-05
LOC111123633	8.69110222	-1.073783	0.64694536	0.0005064667	0.01515798
LOC111123702	145.82317414	-1.082703	0.24811592	2.082028e-06	0.0002958819
LOC111123734	1633.80720842	-1.357858	0.42998225	2.730476e-05	0.001869763
LOC111123791	382.90790857	-1.417375	0.30349111	1.932727e-07	6.781659e-05
LOC111123794	16.64081049	-1.110464	0.5328544	0.0003408028	0.01160289
LOC111123910	350.68588357	-1.106712	0.27413176	6.234028e-06	0.0006358709
LOC111123993	172.89577285	-1.042062	0.25708337	6.649997e-06	0.0006701925
LOC111124221	132.34217187	-1.535452	0.33301811	1.404623e-07	5.267932e-05
LOC111124373	47.39534095	-1.212449	0.31798123	9.519302e-06	0.0008652727
LOC111124536	316.94774508	1.250653	0.27865116	8.09919e-07	0.0001506449
LOC111124606	180.8392437	-1.276089	0.26839499	2.342122e-07	7.314361e-05
LOC111124623	26.45074719	1.206058	0.71638757	0.0002245014	0.008656994
LOC111124684	499.24387776	-1.868775	0.32645046	6.202683e-11	7.845153e-07
LOC111124887	544.1680657	-1.376529	0.28203398	8.782937e-08	4.16799e-05
LOC111124904	129.88480072	-1.075039	0.24709793	2.220812e-06	0.0003086684
LOC111124913	529.2468796	-1.20268	0.25441863	3.384481e-07	9.107854e-05
LOC111124944	205.77225581	-1.570041	0.3050677	9.24857e-09	1.299732e-05
LOC111124952	48.77430387	-1.283228	0.31588437	3.522782e-06	0.0004050559
LOC111124995	8.10140408	1.039726	0.51607026	0.0004818157	0.01466042
LOC111125001	540.82562181	-1.266897	0.28085987	6.985695e-07	0.0001369846
LOC111125059	3398.25990255	-1.095747	0.59327744	0.0004368196	0.01384894
LOC111125074	135.71607879	-1.537219	0.30427151	1.773152e-08	1.868903e-05
LOC111125184	18.78185063	-1.216315	0.67016332	0.0002251127	0.008667355
LOC111125265	27.26951294	-1.969043	1.15199439	5.983235e-06	0.0006127608
LOC111125266	20.37304913	-1.14782	1.01916362	0.0001060078	0.005031096
LOC111125323	345.22142404	-1.151298	0.26836239	2.346145e-06	0.0003158021
LOC111125330	453.47406907	-1.097986	0.30035873	1.93798e-05	0.00146064
LOC111125441	135.16302194	-1.113797	0.27357255	5.494589e-06	0.0005767267
LOC111125463	259.74576279	-1.000746	0.31599811	7.276591e-05	0.003834763
LOC111125471	98.79033275	-1.220768	0.35381973	2.387948e-05	0.001701565
LOC111125479	105.06289683	-1.456452	0.32533944	3.690033e-07	9.428592e-05
LOC111125482	107.69964278	-1.097834	0.29057778	1.387186e-05	0.001154285
LOC111125484	372.59972385	-1.89174	0.34698861	2.374315e-10	2.002023e-06
LOC111125511	36.38725015	-1.004307	0.30376837	5.31309e-05	0.003043243
LOC111125567	88.1816545	-1.136755	0.26230688	2.067145e-06	0.0002958819
LOC111125601	99.17112662	-1.049851	0.38479669	0.0001590716	0.006774201
LOC111125735	92.72004973	-1.153351	0.25835319	1.19285e-06	0.0001998301
LOC111125740	295.28891723	-1.350691	0.28468644	1.843276e-07	6.661073e-05
LOC111125759	359.08109163	1.262755	0.34495001	1.241604e-05	0.001062569
LOC111125764	242.34066944	-1.317417	0.28105282	2.718145e-07	7.625332e-05
LOC111125770	60.0967187	-1.177729	0.71971119	0.0002595347	0.009556318
LOC111125809	312.78888349	-1.253145	0.28911206	1.476072e-06	0.0002319174
LOC111125817	291.37074965	-1.320079	0.40278505	2.500532e-05	0.00175754
LOC111125839	295.54848063	-1.245819	0.24630691	6.10582e-08	3.591926e-05
LOC111125849	19.45649644	-1.068266	0.6297445	0.0005242534	0.01551054
LOC111125872	217.58044424	-1.035179	0.31938306	5.879496e-05	0.003297733
LOC111125885	109.213508	-1.14472	0.40144165	0.0001006013	0.004861411
LOC111126037	76.98542263	1.052105	0.2871714	2.058159e-05	0.00152678
LOC111126056	118.34588969	-1.00659	0.26726126	1.655851e-05	0.00130895
LOC111126074	6.77970558	1.437033	0.38416152	5.079255e-06	0.000546744
LOC111126081	182.97689138	-1.267847	0.28228501	7.542967e-07	0.0001423932
LOC111126154	179.45733779	-1.270239	0.3014663	2.18277e-06	0.0003050572
LOC111126189	28.09744608	-1.201859	0.40746245	7.108627e-05	0.003763076
LOC111126248	89.76134112	-1.143617	0.47028664	0.0001971061	0.007914278
LOC111126269	39.19400673	1.062224	0.46232922	0.0003102747	0.01087079
LOC111126307	13.36373075	-1.044318	0.71810447	0.0005175814	0.01538512
LOC111126318	12.87868239	-1.572762	0.74289312	2.762826e-05	0.001873685
LOC111126341	89.3777129	-1.052414	0.33041018	6.451395e-05	0.003524719
LOC111126407	4.93407532	-1.213784	0.63257703	0.00022887	0.008727192
LOC111126421	171.80270837	-1.423932	0.49450597	3.262257e-05	0.002137877
LOC111126493	106.08568066	1.695075	0.39395197	1.957073e-07	6.781659e-05
LOC111126510	151.5348806	-1.350439	0.28664713	2.145314e-07	7.146248e-05
LOC111126512	5.08402894	-1.166932	0.60473603	0.0002938693	0.01054161
LOC111126580	818.50976176	-1.708468	0.3771381	7.180076e-08	3.864408e-05
LOC111126757	540.49084411	-1.142838	0.29562635	9.77802e-06	0.0008771092
LOC111126787	12.78787302	-1.358102	0.62504326	9.404266e-05	0.004657119
LOC111126847	347.67946654	-1.361466	0.30320114	5.31837e-07	0.000114379
LOC111126863	55.85969769	-1.653981	0.30873578	1.913893e-09	6.916263e-06
LOC111126915	129.30008704	-1.04987	0.52959836	0.0004803818	0.01466042
LOC111126946	6.21367122	1.089768	0.44528281	0.0002290819	0.008727192
LOC111127014	24.45105134	1.078284	0.34445293	6.894216e-05	0.003677695
LOC111127074	9.07330516	-1.162447	0.85717554	0.0001756616	0.007320489
LOC111127145	244.00075545	-1.000955	0.25052844	8.454254e-06	0.0007997153
LOC111127221	37.11616981	-1.105446	0.68675793	0.0004075973	0.01316805
LOC111127244	16.32909418	1.384227	0.689945	8.36866e-05	0.004314901
LOC111127315	247.9368568	-1.197627	0.29218433	4.072762e-06	0.0004518622
LOC111127536	362.64163444	-1.225364	0.27197185	8.190575e-07	0.0001512327
LOC111127575	48.72546599	-1.297859	0.29021891	7.339449e-07	0.0001411406
LOC111127576	19.67853995	-1.102936	0.35376616	6.714431e-05	0.003629086
LOC111127614	30.72652783	-1.259743	0.30002467	2.383196e-06	0.0003189699
LOC111127659	89.46383792	-1.392827	0.28350336	7.021427e-08	3.861174e-05
LOC111127768	219.75609797	-1.164997	0.26392475	1.411156e-06	0.0002278467
LOC111127860	27.66481281	-2.057425	0.99431013	3.123067e-06	0.0003853712
LOC111127943	80.31606405	-1.031057	0.22986697	1.427268e-06	0.0002278467
LOC111127997	10.29812265	-1.057405	0.41445068	0.0002121709	0.008282523
LOC111128093	140.65204933	-1.003399	0.42325102	0.0003250622	0.01120879
LOC111128122	240.00321326	-1.023514	0.25431004	7.49157e-06	0.0007233082
LOC111128142	71.43511657	-1.131476	0.56126944	0.0003311337	0.01135008
LOC111128170	54.49126905	-1.222196	0.51146477	0.0001539715	0.006635202
LOC111128247	987.60576427	-1.072816	0.54132099	0.0004388812	0.01387742
LOC111128432	335.75623062	-1.209075	0.33127072	1.504977e-05	0.001220189
LOC111128658	219.52054717	-1.031213	0.24120042	3.165482e-06	0.0003868311
LOC111128701	7.3820576	-1.187865	0.49234208	0.0001719184	0.007248079
LOC111128710	14.32587408	-1.175667	0.31416143	1.284482e-05	0.001090344
LOC111128763	39.54485971	-1.067859	0.57754271	0.0004982526	0.01504033
LOC111129124	65.5428937	-1.352431	0.35022015	5.133748e-06	0.0005502682
LOC111129153	40.67447016	-1.015304	0.4987932	0.0005115812	0.01524259
LOC111129209	133.17551067	1.499903	0.33242311	2.573456e-07	7.482546e-05
LOC111129311	164.97474568	-1.167065	0.2952158	7.074183e-06	0.0006990177
LOC111129371	213.16885287	-1.033765	0.34264883	9.464121e-05	0.004659374
LOC111129372	149.29796935	-1.015865	0.39620555	0.0002286845	0.008727192
LOC111129374	432.27413739	-1.528017	0.27526644	1.342435e-09	6.476659e-06
LOC111129376	243.10534269	-1.372471	0.27464731	5.087009e-08	3.299513e-05
LOC111129377	128.3478994	-1.368457	0.30064009	3.994912e-07	9.716855e-05
LOC111129389	300.98035215	-1.285905	0.24808575	2.801137e-08	2.530628e-05
LOC111129441	252.27379845	-1.093513	0.46492573	0.0002604682	0.009576749
LOC111129450	68.41622683	-1.645451	0.3776127	2.147038e-07	7.146248e-05
LOC111129464	167.02828534	-1.100805	0.29525169	1.583806e-05	0.001271898
LOC111129465	107.09382092	-1.413218	0.28446909	4.91771e-08	3.273642e-05
LOC111129512	291.68393393	-1.074561	0.27677336	1.071086e-05	0.0009440487
LOC111129666	63.7986531	-1.001539	0.5182438	0.0006058115	0.01727576
LOC111129679	196.20917965	-1.378959	0.40223326	1.426314e-05	0.001179086
LOC111129855	221.7982024	-1.226089	0.29648771	3.310482e-06	0.0003931547
LOC111129900	408.70008138	-1.056681	0.2474725	3.095288e-06	0.0003853712
LOC111129936	510.50602698	-1.308603	0.26556766	9.227048e-08	4.16799e-05
LOC111130011	79.79407311	-1.325335	0.35137455	7.378511e-06	0.0007233082
LOC111130044	49.57947889	-1.090174	0.4823595	0.0002987257	0.01063839
LOC111130047	238.60794696	-1.234656	0.28714086	1.785884e-06	0.0002611313
LOC111130146	34.39514319	-1.048065	0.34504653	8.848455e-05	0.004467675
LOC111130171	147.52434114	-1.245567	0.29344199	2.11506e-06	0.000298897
LOC111130182	13.61189712	-1.403348	0.35907663	3.620494e-06	0.0004136628
LOC111130245	210.93726407	-1.011486	0.46445916	0.0004276096	0.01365759
LOC111130289	237.97233304	-1.312473	0.31058633	1.798434e-06	0.000261455
LOC111130301	433.11959045	-1.357063	0.28242478	1.359608e-07	5.212635e-05
LOC111130335	140.17231095	-1.027967	0.34581124	0.0001045134	0.004990232
LOC111130367	90.04422567	-1.680825	0.43796883	1.04996e-06	0.0001844431
LOC111130438	212.10414323	-1.009573	0.3249884	8.17847e-05	0.004248102
LOC111130486	188.13230736	-1.22066	0.27641371	1.192443e-06	0.0001998301
LOC111130569	79.38186241	-1.456798	0.29095116	3.319501e-08	2.673547e-05
LOC111130579	104.00798869	-1.404869	0.25900652	4.837757e-09	8.896895e-06
LOC111130585	73.75223997	-1.26685	0.41475732	4.712865e-05	0.002836576
LOC111130593	105.00758852	-1.065437	0.25985363	5.489499e-06	0.0005767267
LOC111130620	31.1870382	-1.070935	0.67441647	0.0004998835	0.01505363
LOC111130632	33.73303165	-1.003958	0.31964233	7.662989e-05	0.003996762
LOC111130742	116.60720028	-1.148361	0.25566394	1.081822e-06	0.0001874368
LOC111131074	88.8452964	-1.492689	0.75855847	4.376255e-05	0.002693473
LOC111131176	82.47879184	-1.069798	0.23437703	9.635487e-07	0.0001725284
LOC111131213	146.793583	-1.225626	0.49330947	0.0001350228	0.006055917
LOC111131518	33.54088055	-1.031349	0.28476091	2.37128e-05	0.001696822
LOC111131580	146.86745043	-1.467302	0.29495708	3.699168e-08	2.673547e-05
LOC111131613	1351.76581526	1.153176	0.24289952	3.568374e-07	9.265743e-05
LOC111131747	192.73959135	-1.033108	0.50115858	0.0004667544	0.01443401
LOC111131799	149.25808748	-1.56187	0.29369098	3.974064e-09	8.896895e-06
LOC111132291	947.89451994	-1.192104	0.2589903	6.025105e-07	0.0001259595
LOC111132299	216.9802628	-1.233343	0.37001423	2.997754e-05	0.00199032
LOC111132306	7.08635311	1.194034	0.68752321	0.0002511355	0.009314843
LOC111132461	97.7623975	-1.771041	0.4126213	1.243054e-07	5.118912e-05
LOC111132593	142.64927386	1.123978	0.40371633	0.0001200317	0.005561028
LOC111132627	30.69983856	-1.233101	0.33373764	1.244367e-05	0.001062569
LOC111132726	59.64721195	-1.611225	0.40318995	9.654434e-07	0.0001725284
LOC111132782	223.16105891	-1.684612	0.37067057	7.848345e-08	3.972319e-05
LOC111133039	26.21831603	-1.254784	0.31709246	5.433246e-06	0.0005750602
LOC111133152	137.25906436	-1.326789	0.25898088	3.264264e-08	2.673547e-05
LOC111133161	119.81266668	-1.308971	0.29051828	6.133779e-07	0.0001271804
LOC111133183	32.34416276	-1.227419	0.56322192	0.0001858913	0.007595872
LOC111133358	140.92880483	-1.105778	0.26261282	3.475415e-06	0.0004014342
LOC111133666	248.94675031	-1.038577	0.39539436	0.0001951905	0.007874861
LOC111133721	332.05932508	1.021916	0.53348493	0.0005723306	0.01654591
LOC111134213	9.85217997	-1.317726	0.53410352	9.192798e-05	0.00458198
LOC111134314	354.95648994	-1.377383	0.26122977	1.22439e-08	1.491339e-05
LOC111134321	225.22581159	-1.315772	0.28444836	3.589669e-07	9.265743e-05
LOC111134473	158.30355696	-1.257018	0.27061499	4.08103e-07	9.739031e-05
LOC111134474	249.20816852	-1.056784	0.25037118	3.686388e-06	0.0004162986
LOC111134492	96.74399059	-1.196003	0.34380652	2.39746e-05	0.001703544
LOC111134604	62.54660432	-1.008289	0.4811495	0.0004839266	0.01467795
LOC111134614	141.58183225	-1.312871	0.35364312	9.101212e-06	0.0008402345
LOC111134645	70.24607609	-1.610878	0.45282962	3.377879e-06	0.0003986105
LOC111134664	208.20415633	-1.460107	0.27233177	5.275673e-09	8.896895e-06
LOC111134759	15.36594962	-1.325088	0.47050315	5.620611e-05	0.003173638
LOC111134760	12.24156566	-1.391901	0.41542542	1.602783e-05	0.00127899
LOC111134864	281.30032991	-1.353575	0.42795461	2.753032e-05	0.001872062
LOC111134888	1070.31568731	-1.111965	0.2686496	4.396254e-06	0.0004814183
LOC111134972	293.45090646	-1.290581	0.2879456	7.233272e-07	0.0001407484
LOC111134989	153.16619242	-1.354639	0.27267431	6.322163e-08	3.634669e-05
LOC111134998	158.31002844	-1.188312	0.33571456	2.111078e-05	0.001547879
LOC111135064	865.69842336	-1.395324	0.30238373	2.723408e-07	7.625332e-05
LOC111135089	421.02553164	-1.456949	0.29545856	4.800357e-08	3.273642e-05
LOC111135168	265.12728125	-1.115435	0.2531999	1.652731e-06	0.0002473815
LOC111135346	51.17778923	-1.014514	0.33218732	9.057644e-05	0.004546075
LOC111135390	53.11933248	-1.181153	0.2612727	8.78279e-07	0.0001598341
LOC111135415	174.50554564	-1.398538	0.33901322	1.821533e-06	0.0002632999
LOC111135443	126.88727844	-1.224778	0.25528798	2.290191e-07	7.314361e-05
LOC111135590	91.14939242	-1.246964	0.27636773	7.435863e-07	0.0001414268
LOC111135689	155.93829986	-1.097901	0.30656573	2.350969e-05	0.001689491
LOC111135822	67.28652196	-1.265625	0.46006647	7.913056e-05	0.004118697
LOC111135829	182.58672651	-1.431036	0.31055344	2.38588e-07	7.360147e-05
LOC111135898	159.3026223	1.041986	0.32796734	6.684348e-05	0.003620712
LOC111135943	63.16371034	-1.056755	0.55269206	0.0004993381	0.01505363
LOC111135960	173.12865553	-1.013908	0.3582479	0.0001414261	0.006264954
LOC111136019	109.89552098	-1.315546	0.2878672	4.56653e-07	0.0001040675
LOC111136023	51.17291498	-1.327461	0.96157367	6.82564e-05	0.003650347
LOC111136057	235.26030544	-1.269021	0.26021103	1.360033e-07	5.212635e-05
LOC111136070	280.76073561	-1.191128	0.25704024	5.285334e-07	0.000114379
LOC111136075	80.19036451	-1.541292	0.41729458	3.474154e-06	0.0004014342
LOC111136080	18.52287664	-1.024582	0.58174924	0.0006406345	0.01783373
LOC111136156	281.79349295	-1.322292	0.29480992	6.344335e-07	0.0001295802
LOC111136174	5.11594604	-1.010348	0.72471367	0.0005970851	0.01704725
LOC111136175	121.8423606	-1.125133	0.27591222	5.245082e-06	0.0005574773
LOC111136197	211.74214729	-1.330954	0.27619352	1.416111e-07	5.267932e-05
LOC111136464	106.07398438	-1.158854	0.27284204	2.690869e-06	0.0003455239
LOC111136503	75.24219497	-1.092185	0.27358509	7.410285e-06	0.0007233082
LOC111136596	372.4334301	-1.101497	0.30894428	2.430505e-05	0.001722187
LOC111136603	71.02406229	-1.023085	0.28905494	2.963078e-05	0.001972474
LOC111136616	147.71621394	-1.201182	0.27397202	1.432149e-06	0.0002278467
LOC111136622	69.08690423	-1.326313	0.30563427	1.11567e-06	0.0001906891
LOC111136631	67.52649003	-2.218111	0.89026444	8.735228e-07	0.0001598341
LOC111136698	49.55646141	-1.530269	0.40710936	3.075811e-06	0.0003851769
LOC111136805	36.03738139	-1.122921	0.27952596	6.419775e-06	0.0006495785
LOC111136811	101.82974225	-1.420604	0.29440985	9.399073e-08	4.171209e-05
LOC111136840	6.68230484	-1.973805	0.67041271	1.315805e-06	0.0002161338
LOC111136881	153.96847041	-1.220783	0.29690184	3.646695e-06	0.0004136628
LOC111136945	182.70482082	-1.086925	0.24471846	1.527822e-06	0.0002371029
LOC111136958	21.68365277	-1.074756	0.32321804	4.548043e-05	0.00276556
LOC111137057	35.10935189	-1.128607	0.51288779	0.000279704	0.01015963
LOC111137068	525.1143265	-1.392795	0.28622853	8.780681e-08	4.16799e-05
LOC111137087	398.34349523	-1.076318	0.47995625	0.0003202501	0.011067
LOC111137096	176.06438426	-1.360968	0.27847783	9.092437e-08	4.16799e-05
LOC111137133	122.10757684	-1.278457	0.24397546	2.142609e-08	2.084593e-05
LOC111137169	331.72050566	-1.201221	0.25952323	5.249791e-07	0.000114379
LOC111137216	267.15602249	-1.126665	0.24888161	9.896281e-07	0.0001750604
LOC111137229	38.61166737	1.091819	0.56897093	0.000426159	0.01364716
LOC111137274	57.1431538	1.842517	0.50517639	6.403195e-07	0.0001295802
LOC111137307	206.82638165	-1.11917	0.32210484	2.931057e-05	0.001956307
LOC111137344	26.64509144	1.391163	0.48214118	3.773706e-05	0.002404526
LOC111137436	48.23785586	-1.185403	0.24694289	2.557965e-07	7.482546e-05
LOC111137512	66.07754385	-1.305263	0.34216708	7.026376e-06	0.0006990177
LOC111137543	117.55690064	-1.09737	0.31727855	3.187579e-05	0.002099818
LOC111137576	71.21727775	-1.562451	0.36079159	3.842799e-07	9.624498e-05
LOC111137884	63.4838034	-1.01681	0.28640425	2.90721e-05	0.001950347
LOC111137947	152.12036655	-1.389018	0.35203315	3.426489e-06	0.0003994307
LOC111137960	82.03508872	-1.279952	0.3365887	7.940138e-06	0.0007579386
LOC111137967	89.61135738	-1.197961	0.29599099	4.828598e-06	0.0005219839
LOC111138059	726.55007778	-1.204817	0.2323678	3.670858e-08	2.673547e-05
LOC111138063	623.71125421	-1.021744	0.30757487	5.004007e-05	0.002943753
LOC111138112	289.89752915	-1.082637	0.29433362	1.878564e-05	0.001446028
LOC111138209	113.33806325	-1.575399	0.4190958	2.420696e-06	0.0003205965
LOC111138274	186.25170744	-1.335939	0.2704912	7.851674e-08	3.972319e-05
LOC111138333	310.817682	-1.139598	0.23494166	2.309497e-07	7.314361e-05
LOC111138334	607.14269715	-1.158576	0.25867238	1.108907e-06	0.0001906891
LOC111138395	106.90818813	-1.385256	0.33067476	1.539186e-06	0.0002374101
